features,features_found,genome_coverage,genomes_searched,search_term,search_type,success,track_name
"[{'accession': 'NC_012483', 'end': 1435802, 'feature_type': 'CDS', 'gene': 'copA2', 'genome_id': '240015.3', 'genome_name': 'Acidobacterium capsulatum ATCC 51196', 'na_length': 1977, 'product': 'copper resistance protein A', 'refseq_locus_tag': 'ACP_1215', 'start': 1433826, 'strand': '-', 'taxon_id': 240015}, {'accession': 'NC_012483', 'end': 1435802, 'feature_type': 'CDS', 'gene': 'copA2', 'genome_id': '240015.3', 'genome_name': 'Acidobacterium capsulatum ATCC 51196', 'na_length': 1977, 'patric_id': 'fig|240015.3.peg.1175', 'product': 'Multicopper oxidase', 'refseq_locus_tag': 'ACP_1215', 'start': 1433826, 'strand': '-', 'taxon_id': 240015}, {'accession': 'NC_012483', 'end': 765048, 'feature_type': 'CDS', 'gene': 'copA1', 'genome_id': '240015.3', 'genome_name': 'Acidobacterium capsulatum ATCC 51196', 'na_length': 2034, 'product': 'copper resistance protein A', 'refseq_locus_tag': 'ACP_0674', 'start': 763015, 'strand': '-', 'taxon_id': 240015}, {'accession': 'NC_012483', 'end': 765048, 'feature_type': 'CDS', 'gene': 'copA1', 'genome_id': '240015.3', 'genome_name': 'Acidobacterium capsulatum ATCC 51196', 'na_length': 2034, 'patric_id': 'fig|240015.3.peg.650', 'product': 'Multicopper oxidase', 'refseq_locus_tag': 'ACP_0674', 'start': 763015, 'strand': '-', 'taxon_id': 240015}]",4,"{'224308.1': 0, '224324.1': 0, '224325.1': 0, '224326.1': 0, '224911.1': 0, '224914.1': 0, '226185.1': 0, '226186.1': 0, '226900.1': 0, '227882.1': 0, '228405.5': 0, '228410.1': 0, '228908.1': 0, '229193.1': 0, '232721.5': 0, '233412.1': 0, '234267.9': 0, '234826.3': 0, '235279.1': 0, '235909.3': 0, '237727.3': 0, '240015.3': 4, '240016.6': 0, '240292.3': 0, '243090.1': 0}",25,copA,gene,True,Full_Genome_1_Term_Test
"[{'accession': 'NC_005861', 'end': 138322, 'feature_type': 'CDS', 'gene': 'copA', 'genome_id': '264201.15', 'genome_name': 'Candidatus Protochlamydia amoebophila UWE25', 'na_length': 2190, 'product': 'putative copper-transporting ATPase', 'refseq_locus_tag': 'pc0078', 'start': 136133, 'strand': '+', 'taxon_id': 264201}, {'accession': 'NC_005861', 'end': 138322, 'feature_type': 'CDS', 'gene': 'copA', 'genome_id': '264201.15', 'genome_name': 'Candidatus Protochlamydia amoebophila UWE25', 'na_length': 2190, 'patric_id': 'fig|264201.15.peg.84', 'product': 'Lead, cadmium, zinc and mercury transporting ATPase (EC 3.6.3.3) (EC 3.6.3.5); Copper-translocating P-type ATPase (EC 3.6.3.4)', 'refseq_locus_tag': 'pc0078', 'start': 136133, 'strand': '+', 'taxon_id': 264201}]",2,"{'252305.5': 0, '257309.1': 0, '257310.1': 0, '257311.1': 0, '257313.1': 0, '257363.1': 0, '258594.1': 0, '259536.4': 0, '259564.8': 0, '261594.1': 0, '262543.4': 0, '262698.3': 0, '262723.3': 0, '262724.1': 0, '262768.1': 0, '263358.5': 0, '263820.1': 0, '264198.3': 0, '264201.15': 2, '264203.3': 0, '264462.1': 0, '264730.3': 0, '264731.4': 0, '264732.9': 0, '265072.7': 0}",25,copA,gene,True,Full_Genome_1_Term_Test
"[{'accession': 'BAGZ01000022', 'end': 118887, 'feature_type': 'CDS', 'gene': 'copA', 'genome_id': '1184607.3', 'genome_name': 'Austwickia chelonae NBRC 105200', 'na_length': 2430, 'product': 'copper-transporting ATPase CopA', 'refseq_locus_tag': 'AUCHE_22_01040', 'start': 116458, 'strand': '+', 'taxon_id': 1184607}, {'accession': 'BAGZ01000022', 'end': 118887, 'feature_type': 'CDS', 'gene': 'copA', 'genome_id': '1184607.3', 'genome_name': 'Austwickia chelonae NBRC 105200', 'na_length': 2430, 'patric_id': 'fig|1184607.3.peg.3003', 'product': 'Lead, cadmium, zinc and mercury transporting ATPase (EC 3.6.3.3) (EC 3.6.3.5); Copper-translocating P-type ATPase (EC 3.6.3.4)', 'refseq_locus_tag': 'AUCHE_22_01040', 'start': 116458, 'strand': '+', 'taxon_id': 1184607}, {'accession': 'HE999757', 'end': 3179428, 'feature_type': 'CDS', 'gene': 'copA', 'genome_id': '1234679.3', 'genome_name': 'Carnobacterium maltaromaticum LMA28', 'na_length': 2217, 'patric_id': 'fig|1234679.3.peg.3176', 'product': 'Lead, cadmium, zinc and mercury transporting ATPase (EC 3.6.3.3) (EC 3.6.3.5); Copper-translocating P-type ATPase (EC 3.6.3.4)', 'refseq_locus_tag': 'BN424_3348', 'start': 3177212, 'strand': '-', 'taxon_id': 1234679}, {'accession': 'HE999757', 'end': 3179428, 'feature_type': 'CDS', 'gene': 'copA', 'genome_id': '1234679.3', 'genome_name': 'Carnobacterium maltaromaticum LMA28', 'na_length': 2217, 'product': 'copper-translocating P-type ATPase', 'refseq_locus_tag': 'BN424_3348', 'start': 3177212, 'strand': '-', 'taxon_id': 1234679}]",4,"{'1171377.3': 0, '1172188.3': 0, '1173022.3': 0, '1173026.3': 0, '1179773.3': 0, '1184607.3': 2, '1185876.3': 0, '1191523.3': 0, '1193729.4': 0, '1195246.3': 0, '1199245.3': 0, '1203568.3': 0, '1203605.3': 0, '1206109.5': 0, '1208365.4': 0, '1209989.3': 0, '1215343.11': 0, '1218108.3': 0, '122587.1': 0, '1230341.3': 0, '123214.3': 0, '1234409.3': 0, '1234679.3': 2, '1235755.3': 0, '1235794.3': 0}",25,copA,gene,True,Full_Genome_1_Term_Test
"[{'accession': 'CAOS01000003', 'end': 61915, 'feature_type': 'CDS', 'gene': 'copA', 'genome_id': '1121428.3', 'genome_name': 'Desulfotomaculum hydrothermale Lam5 = DSM 18033', 'na_length': 2427, 'patric_id': 'fig|1121428.3.peg.315', 'product': 'Lead, cadmium, zinc and mercury transporting ATPase (EC 3.6.3.3) (EC 3.6.3.5); Copper-translocating P-type ATPase (EC 3.6.3.4)', 'refseq_locus_tag': 'DESHY_110070', 'start': 59489, 'strand': '-', 'taxon_id': 1121428}, {'accession': 'CAOS01000003', 'end': 61915, 'feature_type': 'CDS', 'gene': 'copA', 'genome_id': '1121428.3', 'genome_name': 'Desulfotomaculum hydrothermale Lam5 = DSM 18033', 'na_length': 2427, 'product': 'Copper-exporting P-type ATPase A', 'refseq_locus_tag': 'DESHY_110070', 'start': 59489, 'strand': '-', 'taxon_id': 1121428}, {'accession': 'NC_016943', 'end': 3230677, 'feature_type': 'CDS', 'gene': 'copA', 'genome_id': '1146883.3', 'genome_name': 'Blastococcus saxobsidens DD2', 'na_length': 2331, 'product': 'copper-transporting P-type ATPase', 'refseq_locus_tag': 'BLASA_3357', 'start': 3228347, 'strand': '+', 'taxon_id': 1146883}, {'accession': 'NC_016943', 'end': 3230677, 'feature_type': 'CDS', 'gene': 'copA', 'genome_id': '1146883.3', 'genome_name': 'Blastococcus saxobsidens DD2', 'na_length': 2331, 'patric_id': 'fig|1146883.3.peg.3124', 'product': 'Lead, cadmium, zinc and mercury transporting ATPase (EC 3.6.3.3) (EC 3.6.3.5); Copper-translocating P-type ATPase (EC 3.6.3.4)', 'refseq_locus_tag': 'BLASA_3357', 'start': 3228347, 'strand': '+', 'taxon_id': 1146883}, {'accession': 'CP003488', 'end': 1001840, 'feature_type': 'CDS', 'gene': 'copA', 'genome_id': '1157951.4', 'genome_name': 'Providencia stuartii MRSN 2154', 'na_length': 2946, 'product': 'copper exporting ATPase', 'refseq_locus_tag': 'S70_04860', 'start': 998895, 'strand': '+', 'taxon_id': 1157951}, {'accession': 'CP003488', 'end': 1001840, 'feature_type': 'CDS', 'gene': 'copA', 'genome_id': '1157951.4', 'genome_name': 'Providencia stuartii MRSN 2154', 'na_length': 2946, 'patric_id': 'fig|1157951.4.peg.962', 'product': 'Lead, cadmium, zinc and mercury transporting ATPase (EC 3.6.3.3) (EC 3.6.3.5); Copper-translocating P-type ATPase (EC 3.6.3.4)', 'refseq_locus_tag': 'S70_04860', 'start': 998895, 'strand': '+', 'taxon_id': 1157951}, {'accession': 'CP003493', 'end': 256570, 'feature_type': 'CDS', 'gene': 'copA', 'genome_id': '1171373.8', 'genome_name': 'Propionibacterium acidipropionici ATCC 4875', 'na_length': 2010, 'product': 'Copper-exporting ATPase CopA', 'refseq_locus_tag': 'PACID_02370', 'start': 254561, 'strand': '-', 'taxon_id': 1171373}, {'accession': 'CP003493', 'end': 256570, 'feature_type': 'CDS', 'gene': 'copA', 'genome_id': '1171373.8', 'genome_name': 'Propionibacterium acidipropionici ATCC 4875', 'na_length': 2010, 'patric_id': 'fig|1171373.8.peg.237', 'product': 'Lead, cadmium, zinc and mercury transporting ATPase (EC 3.6.3.3) (EC 3.6.3.5); Copper-translocating P-type ATPase (EC 3.6.3.4)', 'refseq_locus_tag': 'PACID_02370', 'start': 254561, 'strand': '-', 'taxon_id': 1171373}]",8,"{'1120961.3': 0, '1121428.3': 2, '1121451.3': 0, '1121862.3': 0, '1121876.3': 0, '1122132.3': 0, '1122135.3': 0, '1122137.3': 0, '1122228.3': 0, '1123236.3': 0, '1123502.3': 0, '1131462.4': 0, '1132443.3': 0, '1140.3': 0, '1146883.3': 2, '1147128.3': 0, '1148.1': 0, '1156986.4': 0, '115711.7': 0, '1157951.4': 2, '1162668.3': 0, '1163389.3': 0, '1166018.3': 0, '1169145.3': 0, '1171373.8': 2}",25,copA,gene,True,Full_Genome_1_Term_Test
"[{'accession': 'NC_015856', 'end': 3504974, 'feature_type': 'CDS', 'gene': 'copA', 'genome_id': '1005048.3', 'genome_name': 'Collimonas fungivorans Ter331', 'na_length': 1371, 'patric_id': 'fig|1005048.3.peg.3063', 'product': 'Multicopper oxidase', 'refseq_locus_tag': 'CFU_2966', 'start': 3503604, 'strand': '+', 'taxon_id': 1005048}, {'accession': 'NC_015856', 'end': 3504974, 'feature_type': 'CDS', 'gene': 'copA', 'genome_id': '1005048.3', 'genome_name': 'Collimonas fungivorans Ter331', 'na_length': 1392, 'product': 'putative oxidase copper oxidase', 'refseq_locus_tag': 'CFU_2966', 'start': 3503583, 'strand': '+', 'taxon_id': 1005048}, {'accession': 'CP003218', 'end': 2832278, 'feature_type': 'CDS', 'gene': 'copA', 'genome_id': '1006551.4', 'genome_name': 'Klebsiella oxytoca KCTC 1686', 'na_length': 2502, 'product': 'copper exporting ATPase', 'refseq_locus_tag': 'KOX_13115', 'start': 2829777, 'strand': '-', 'taxon_id': 1006551}, {'accession': 'CP003218', 'end': 2832278, 'feature_type': 'CDS', 'gene': 'copA', 'genome_id': '1006551.4', 'genome_name': 'Klebsiella oxytoca KCTC 1686', 'na_length': 2502, 'patric_id': 'fig|1006551.4.peg.2637', 'product': 'Lead, cadmium, zinc and mercury transporting ATPase (EC 3.6.3.3) (EC 3.6.3.5); Copper-translocating P-type ATPase (EC 3.6.3.4)', 'refseq_locus_tag': 'KOX_13115', 'start': 2829777, 'strand': '-', 'taxon_id': 1006551}, {'accession': 'NC_015663', 'end': 2797099, 'feature_type': 'CDS', 'gene': 'copA', 'genome_id': '1028307.3', 'genome_name': 'Enterobacter aerogenes KCTC 2190', 'na_length': 2502, 'product': 'copper exporting ATPase', 'refseq_locus_tag': 'EAE_13050', 'start': 2794598, 'strand': '-', 'taxon_id': 1028307}, {'accession': 'NC_015663', 'end': 2797099, 'feature_type': 'CDS', 'gene': 'copA', 'genome_id': '1028307.3', 'genome_name': 'Enterobacter aerogenes KCTC 2190', 'na_length': 2502, 'patric_id': 'fig|1028307.3.peg.2604', 'product': 'Lead, cadmium, zinc and mercury transporting ATPase (EC 3.6.3.3) (EC 3.6.3.5); Copper-translocating P-type ATPase (EC 3.6.3.4)', 'refseq_locus_tag': 'EAE_13050', 'start': 2794598, 'strand': '-', 'taxon_id': 1028307}, {'accession': 'CP002901', 'end': 3356477, 'feature_type': 'CDS', 'gene': 'copA', 'genome_id': '1051632.5', 'genome_name': 'Sulfobacillus acidophilus TPY', 'na_length': 2427, 'patric_id': 'fig|1051632.5.peg.3521', 'product': 'Lead, cadmium, zinc and mercury transporting ATPase (EC 3.6.3.3) (EC 3.6.3.5); Copper-translocating P-type ATPase (EC 3.6.3.4)', 'refseq_locus_tag': 'TPY_3611', 'start': 3354051, 'strand': '-', 'taxon_id': 1051632}, {'accession': 'CP002901', 'end': 3356477, 'feature_type': 'CDS', 'gene': 'copA', 'genome_id': '1051632.5', 'genome_name': 'Sulfobacillus acidophilus TPY', 'na_length': 2427, 'product': 'copper-translocating P-type ATPase', 'refseq_locus_tag': 'TPY_3611', 'start': 3354051, 'strand': '-', 'taxon_id': 1051632}]",8,"{'100226.1': 0, '1002809.3': 0, '1005048.3': 2, '1005058.3': 0, '1006551.4': 2, '1007096.3': 0, '1007105.3': 0, '101510.15': 0, '1026882.3': 0, '1028307.3': 2, '103690.1': 0, '1045004.4': 0, '1048339.3': 0, '1049789.4': 0, '1051632.5': 2, '106370.11': 0, '1069080.3': 0, '1069534.5': 0, '1073972.4': 0, '1078846.3': 0, '1085623.3': 0, '1088868.3': 0, '1112215.3': 0, '1117647.4': 0, '1120924.3': 0}",25,copA,gene,True,Full_Genome_1_Term_Test
"[{'accession': 'NC_010528', 'end': 3304926, 'feature_type': 'CDS', 'gene': 'copA2', 'genome_id': '164546.7', 'genome_name': 'Cupriavidus taiwanensis strain LMG 19424', 'na_length': 2460, 'patric_id': 'fig|164546.7.peg.3091', 'product': 'Lead, cadmium, zinc and mercury transporting ATPase (EC 3.6.3.3) (EC 3.6.3.5); Copper-translocating P-type ATPase (EC 3.6.3.4)', 'refseq_locus_tag': 'RALTA_A3123', 'start': 3302467, 'strand': '-', 'taxon_id': 164546}, {'accession': 'NC_010528', 'end': 3304995, 'feature_type': 'CDS', 'gene': 'copA2', 'genome_id': '164546.7', 'genome_name': 'Cupriavidus taiwanensis strain LMG 19424', 'na_length': 2529, 'product': 'copper transporting P-type ATPase', 'refseq_locus_tag': 'RALTA_A3123', 'start': 3302467, 'strand': '-', 'taxon_id': 164546}, {'accession': 'NC_010530', 'end': 2136149, 'feature_type': 'CDS', 'gene': 'copA', 'genome_id': '164546.7', 'genome_name': 'Cupriavidus taiwanensis strain LMG 19424', 'na_length': 1905, 'product': 'CopA Copper-resistance transmembrane precursor, Cupredoxin domains', 'refseq_locus_tag': 'RALTA_B1968', 'start': 2134245, 'strand': '-', 'taxon_id': 164546}, {'accession': 'NC_010530', 'end': 2136083, 'feature_type': 'CDS', 'gene': 'copA', 'genome_id': '164546.7', 'genome_name': 'Cupriavidus taiwanensis strain LMG 19424', 'na_length': 1839, 'patric_id': 'fig|164546.7.peg.5404', 'product': 'Multicopper oxidase', 'refseq_locus_tag': 'RALTA_B1968', 'start': 2134245, 'strand': '-', 'taxon_id': 164546}, {'accession': 'NC_012108', 'end': 4843386, 'feature_type': 'CDS', 'gene': 'copA', 'genome_id': '177437.4', 'genome_name': 'Desulfobacterium autotrophicum HRM2', 'na_length': 2481, 'patric_id': 'fig|177437.4.peg.4468', 'product': 'Lead, cadmium, zinc and mercury transporting ATPase (EC 3.6.3.3) (EC 3.6.3.5); Copper-translocating P-type ATPase (EC 3.6.3.4)', 'refseq_locus_tag': 'HRM2_43200', 'start': 4840906, 'strand': '+', 'taxon_id': 177437}, {'accession': 'NC_012108', 'end': 4843386, 'feature_type': 'CDS', 'gene': 'copA', 'genome_id': '177437.4', 'genome_name': 'Desulfobacterium autotrophicum HRM2', 'na_length': 2481, 'product': 'CopA', 'refseq_locus_tag': 'HRM2_43200', 'start': 4840906, 'strand': '+', 'taxon_id': 177437}]",6,"{'160490.1': 0, '160491.17': 0, '160492.1': 0, '1627894.4': 0, '163164.1': 0, '1637502.3': 0, '164546.7': 4, '167555.5': 0, '167879.3': 0, '169963.1': 0, '171101.1': 0, '172733.999': 0, '176279.3': 0, '176299.3': 0, '177437.4': 2, '177439.1': 0, '178306.1': 0, '180281.4': 0, '1806462.22': 0, '182217.3': 0, '186497.1': 0, '187272.6': 0, '187303.17': 0, '187420.1': 0, '188937.1': 0}",25,copA,gene,True,Full_Genome_1_Term_Test
"[{'accession': 'NC_008380', 'end': 2565762, 'feature_type': 'sig_peptide', 'gene': 'copA', 'genome_id': '216596.11', 'genome_name': 'Rhizobium leguminosarum bv. viciae 3841', 'na_length': 69, 'product': 'hypothetical protein', 'refseq_locus_tag': 'RL2434', 'start': 2565694, 'strand': '-', 'taxon_id': 216596}, {'accession': 'NC_008380', 'end': 2565762, 'feature_type': 'CDS', 'gene': 'copA', 'genome_id': '216596.11', 'genome_name': 'Rhizobium leguminosarum bv. viciae 3841', 'na_length': 1347, 'product': 'putative copper-containing oxidase subunit', 'refseq_locus_tag': 'RL2434', 'start': 2564416, 'strand': '-', 'taxon_id': 216596}, {'accession': 'NC_008380', 'end': 2565687, 'feature_type': 'CDS', 'gene': 'copA', 'genome_id': '216596.11', 'genome_name': 'Rhizobium leguminosarum bv. viciae 3841', 'na_length': 1272, 'patric_id': 'fig|216596.11.peg.3665', 'product': 'Multicopper oxidase', 'refseq_locus_tag': 'RL2434', 'start': 2564416, 'strand': '-', 'taxon_id': 216596}]",3,"{'204773.3': 0, '2049040.8': 0, '205914.5': 0, '205921.3': 0, '205922.3': 0, '207559.3': 0, '207949.3': 0, '208964.1': 0, '209261.1': 0, '210007.1': 0, '211586.9': 0, '212042.5': 0, '212717.8': 0, '2144189.15': 0, '216432.7': 0, '216596.11': 3, '217.1': 0, '218491.3': 0, '218496.1': 0, '218497.4': 0, '219305.4': 0, '221109.1': 0, '221988.1': 0, '222891.5': 0, '223926.6': 0}",25,copA,gene,True,Full_Genome_1_Term_Test
"[{'accession': 'CP003989', 'end': 1551589, 'feature_type': 'CDS', 'gene': 'copA [H]', 'genome_id': '1255043.3', 'genome_name': 'Thioalkalivibrio nitratireducens DSM 14787', 'na_length': 2520, 'patric_id': 'fig|1255043.3.peg.1581', 'product': 'Lead, cadmium, zinc and mercury transporting ATPase (EC 3.6.3.3) (EC 3.6.3.5); Copper-translocating P-type ATPase (EC 3.6.3.4)', 'refseq_locus_tag': 'TVNIR_1561', 'start': 1549070, 'strand': '+', 'taxon_id': 1255043}, {'accession': 'CP003989', 'end': 1551589, 'feature_type': 'CDS', 'gene': 'copA [H]', 'genome_id': '1255043.3', 'genome_name': 'Thioalkalivibrio nitratireducens DSM 14787', 'na_length': 2520, 'product': 'Copper-translocating P-type ATPase', 'refseq_locus_tag': 'TVNIR_1561', 'start': 1549070, 'strand': '+', 'taxon_id': 1255043}, {'accession': 'CP005383', 'end': 2439079, 'feature_type': 'CDS', 'gene': 'copA', 'genome_id': '1316932.3', 'genome_name': 'Mannheimia haemolytica M42548', 'na_length': 2193, 'patric_id': 'fig|1316932.3.peg.2567', 'product': 'Lead, cadmium, zinc and mercury transporting ATPase (EC 3.6.3.3) (EC 3.6.3.5); Copper-translocating P-type ATPase (EC 3.6.3.4)', 'refseq_locus_tag': 'MHH_c26040', 'start': 2436887, 'strand': '+', 'taxon_id': 1316932}, {'accession': 'CP005383', 'end': 2439079, 'feature_type': 'CDS', 'gene': 'copA', 'genome_id': '1316932.3', 'genome_name': 'Mannheimia haemolytica M42548', 'na_length': 2193, 'product': 'copper-exporting P-type ATPase CopA', 'refseq_locus_tag': 'MHH_c26040', 'start': 2436887, 'strand': '+', 'taxon_id': 1316932}, {'accession': 'CP003170', 'end': 4127661, 'feature_type': 'CDS', 'gene': 'copA', 'genome_id': '134676.3', 'genome_name': 'Actinoplanes sp. SE50/110', 'na_length': 2265, 'patric_id': 'fig|134676.3.peg.3628', 'product': 'Lead, cadmium, zinc and mercury transporting ATPase (EC 3.6.3.3) (EC 3.6.3.5); Copper-translocating P-type ATPase (EC 3.6.3.4)', 'refseq_locus_tag': 'ACPL_3715', 'start': 4125397, 'strand': '+', 'taxon_id': 134676}, {'accession': 'CP003170', 'end': 4127661, 'feature_type': 'CDS', 'gene': 'copA', 'genome_id': '134676.3', 'genome_name': 'Actinoplanes sp. SE50/110', 'na_length': 2265, 'product': 'Cu2+-exporting ATPase', 'refseq_locus_tag': 'ACPL_3715', 'start': 4125397, 'strand': '+', 'taxon_id': 134676}, {'accession': 'NC_013855', 'end': 481543, 'feature_type': 'CDS', 'gene': 'copA', 'genome_id': '137722.3', 'genome_name': 'Azospirillum sp. B510', 'na_length': 2481, 'product': 'Cu2+-exporting ATPase', 'refseq_locus_tag': 'AZL_a03850', 'start': 479063, 'strand': '+', 'taxon_id': 137722}, {'accession': 'NC_013855', 'end': 481543, 'feature_type': 'CDS', 'gene': 'copA', 'genome_id': '137722.3', 'genome_name': 'Azospirillum sp. B510', 'na_length': 2352, 'patric_id': 'fig|137722.3.peg.3570', 'product': 'Lead, cadmium, zinc and mercury transporting ATPase (EC 3.6.3.3) (EC 3.6.3.5); Copper-translocating P-type ATPase (EC 3.6.3.4)', 'refseq_locus_tag': 'AZL_a03850', 'start': 479192, 'strand': '+', 'taxon_id': 137722}]",8,"{'1238674.3': 0, '1248916.3': 0, '1255043.3': 2, '1260251.3': 0, '1278308.3': 0, '1279017.3': 0, '1279038.3': 0, '1298593.3': 0, '13035.3': 0, '1303518.3': 0, '1316932.3': 2, '134287.3': 0, '134676.3': 2, '137722.3': 2, '138119.3': 0, '142586.28': 0, '1519439.626': 0, '1538.8': 0, '155920.1': 0, '156586.3': 0, '156889.7': 0, '158878.1': 0, '158879.1': 0, '159087.4': 0, '160488.1': 0}",25,copA,gene,True,Full_Genome_1_Term_Test
[],0,"{'190192.1': 0, '190304.1': 0, '190485.1': 0, '190486.1': 0, '190650.1': 0, '192952.1': 0, '194439.1': 0, '195099.3': 0, '195103.9': 0, '196162.6': 0, '196164.1': 0, '196627.4': 0, '197221.1': 0, '198094.1': 0, '198215.1': 0, '203119.11': 0, '203120.4': 0, '203122.12': 0, '203123.5': 0, '203124.6': 0, '203267.1': 0, '203275.8': 0, '203907.1': 0, '204536.4': 0, '204669.6': 0}",25,copA,gene,False,Full_Genome_1_Term_Test
"[{'accession': 'NC_006569', 'end': 415635, 'feature_type': 'CDS', 'gene': 'copA', 'genome_id': '246200.7', 'genome_name': 'Ruegeria pomeroyi DSS-3', 'na_length': 1944, 'product': 'copper resistance protein A', 'refseq_locus_tag': 'SPOA0370', 'start': 413692, 'strand': '-', 'taxon_id': 246200}, {'accession': 'NC_006569', 'end': 415539, 'feature_type': 'CDS', 'gene': 'copA', 'genome_id': '246200.7', 'genome_name': 'Ruegeria pomeroyi DSS-3', 'na_length': 1848, 'patric_id': 'fig|246200.7.peg.4368', 'product': 'Multicopper oxidase', 'refseq_locus_tag': 'SPOA0370', 'start': 413692, 'strand': '-', 'taxon_id': 246200}]",2,"{'243090.15': 0, '243160.4': 0, '243161.4': 0, '243164.3': 0, '243230.1': 0, '243231.1': 0, '243232.1': 0, '243233.4': 0, '243265.1': 0, '243273.1': 0, '243274.1': 0, '243275.1': 0, '243276.1': 0, '243277.1': 0, '243365.1': 0, '244592.3': 0, '246194.3': 0, '246195.3': 0, '246196.19': 0, '246197.19': 0, '246200.7': 2, '246201.1': 0, '247156.1': 0, '247639.3': 0, '251221.1': 0}",25,copA,gene,True,Full_Genome_1_Term_Test
[],0,"{'342610.6': 0, '347257.4': 0, '348780.3': 0, '349101.4': 0, '349124.5': 0, '349161.4': 0, '349163.4': 0, '349307.9': 0, '349521.5': 0, '349741.3': 0, '349968.3': 0, '350058.5': 0, '350688.3': 0, '351160.3': 0, '351348.5': 0, '351605.4': 0, '351607.5': 0, '351627.4': 0, '354242.8': 0, '355278.4': 0, '357244.3': 0, '357544.13': 0, '357804.5': 0, '357808.3': 0, '357809.4': 0}",25,copA,gene,False,Full_Genome_1_Term_Test
"[{'accession': 'NC_009778', 'end': 2727459, 'feature_type': 'CDS', 'gene': 'copA', 'genome_id': '290339.8', 'genome_name': 'Cronobacter sakazakii ATCC BAA-894', 'na_length': 2508, 'product': 'copper exporting ATPase', 'refseq_locus_tag': 'ESA_02780', 'start': 2724952, 'strand': '+', 'taxon_id': 290339}, {'accession': 'NC_009778', 'end': 2727459, 'feature_type': 'CDS', 'gene': 'copA', 'genome_id': '290339.8', 'genome_name': 'Cronobacter sakazakii ATCC BAA-894', 'na_length': 2508, 'patric_id': 'fig|290339.8.peg.2474', 'product': 'Lead, cadmium, zinc and mercury transporting ATPase (EC 3.6.3.3) (EC 3.6.3.5); Copper-translocating P-type ATPase (EC 3.6.3.4)', 'refseq_locus_tag': 'ESA_02780', 'start': 2724952, 'strand': '+', 'taxon_id': 290339}]",2,"{'279238.18': 0, '279714.3': 0, '279808.3': 0, '281309.3': 0, '281689.4': 0, '282458.1': 0, '283165.1': 0, '283166.1': 0, '283942.3': 0, '287752.3': 0, '288000.5': 0, '288705.3': 0, '289376.4': 0, '290315.4': 0, '290318.4': 0, '290338.6': 0, '290339.8': 2, '290397.13': 0, '290398.4': 0, '290402.34': 0, '290434.1': 0, '290512.6': 0, '290633.1': 0, '292415.3': 0, '292459.1': 0}",25,copA,gene,True,Full_Genome_1_Term_Test
"[{'accession': 'NC_014034', 'end': 1253503, 'feature_type': 'CDS', 'gene': 'copA2', 'genome_id': '272942.6', 'genome_name': 'Rhodobacter capsulatus SB 1003', 'na_length': 2421, 'patric_id': 'fig|272942.6.peg.1203', 'product': 'Copper-translocating P-type ATPase (EC 3.6.3.4)', 'refseq_locus_tag': 'RCAP_rcc01180', 'start': 1251083, 'strand': '-', 'taxon_id': 272942}, {'accession': 'NC_014034', 'end': 1253503, 'feature_type': 'CDS', 'gene': 'copA2', 'genome_id': '272942.6', 'genome_name': 'Rhodobacter capsulatus SB 1003', 'na_length': 2421, 'product': 'copper-transporting P-type ATPase-2', 'refseq_locus_tag': 'RCAP_rcc01180', 'start': 1251083, 'strand': '-', 'taxon_id': 272942}, {'accession': 'NC_014034', 'end': 1123062, 'feature_type': 'CDS', 'gene': 'copA1', 'genome_id': '272942.6', 'genome_name': 'Rhodobacter capsulatus SB 1003', 'na_length': 2142, 'patric_id': 'fig|272942.6.peg.1060', 'product': 'FUPA32 P-type ATPase', 'refseq_locus_tag': 'RCAP_rcc01042', 'start': 1120921, 'strand': '+', 'taxon_id': 272942}, {'accession': 'NC_014034', 'end': 1123062, 'feature_type': 'CDS', 'gene': 'copA1', 'genome_id': '272942.6', 'genome_name': 'Rhodobacter capsulatus SB 1003', 'na_length': 2142, 'product': 'copper-transporting P-type ATPase-1', 'refseq_locus_tag': 'RCAP_rcc01042', 'start': 1120921, 'strand': '+', 'taxon_id': 272942}]",4,"{'272562.1': 0, '272564.4': 0, '272568.11': 0, '272620.3': 0, '272621.3': 0, '272623.1': 0, '272624.3': 0, '272626.1': 0, '272631.1': 0, '272633.1': 0, '272634.1': 0, '272635.1': 0, '272843.1': 0, '272844.1': 0, '272942.6': 4, '272943.3': 0, '273057.1': 0, '273063.1': 0, '273068.3': 0, '273075.1': 0, '273116.1': 0, '273119.1': 0, '273121.1': 0, '273123.1': 0, '279010.5': 0}",25,copA,gene,True,Full_Genome_1_Term_Test
"[{'accession': 'NC_007606', 'end': 423506, 'feature_type': 'CDS', 'gene': 'copA', 'genome_id': '300267.13', 'genome_name': 'Shigella dysenteriae Sd197', 'na_length': 2505, 'patric_id': 'fig|300267.13.peg.515', 'product': 'Lead, cadmium, zinc and mercury transporting ATPase (EC 3.6.3.3) (EC 3.6.3.5); Copper-translocating P-type ATPase (EC 3.6.3.4)', 'refseq_locus_tag': 'SDY_0434', 'start': 421002, 'strand': '+', 'taxon_id': 300267}, {'accession': 'NC_007606', 'end': 423506, 'feature_type': 'CDS', 'gene': 'copA', 'genome_id': '300267.13', 'genome_name': 'Shigella dysenteriae Sd197', 'na_length': 2505, 'product': 'copper exporting ATPase', 'refseq_locus_tag': 'SDY_0434', 'start': 421002, 'strand': '+', 'taxon_id': 300267}]",2,"{'292805.3': 0, '293653.3': 0, '293826.4': 0, '295358.3': 0, '296591.12': 0, '297245.3': 0, '297246.3': 0, '298386.1': 0, '298653.4': 0, '299768.3': 0, '300267.13': 2, '300852.3': 0, '302409.3': 0, '306264.1': 0, '309798.3': 0, '309799.3': 0, '309801.4': 0, '309807.19': 0, '311403.8': 0, '312153.3': 0, '312284.4': 0, '312309.3': 0, '313589.5': 0, '313590.6': 0, '313594.4': 0}",25,copA,gene,True,Full_Genome_1_Term_Test
"[{'accession': 'NC_014355', 'end': 650127, 'feature_type': 'CDS', 'gene': 'copA', 'genome_id': '330214.5', 'genome_name': 'Candidatus Nitrospira defluvii', 'na_length': 2883, 'patric_id': 'fig|330214.5.peg.644', 'product': 'Lead, cadmium, zinc and mercury transporting ATPase (EC 3.6.3.3) (EC 3.6.3.5); Copper-translocating P-type ATPase (EC 3.6.3.4)', 'refseq_locus_tag': 'NIDE0678', 'start': 647245, 'strand': '+', 'taxon_id': 330214}, {'accession': 'NC_014355', 'end': 650127, 'feature_type': 'CDS', 'gene': 'copA', 'genome_id': '330214.5', 'genome_name': 'Candidatus Nitrospira defluvii', 'na_length': 2883, 'product': 'copper-exporting ATPase', 'refseq_locus_tag': 'NIDE0678', 'start': 647245, 'strand': '+', 'taxon_id': 330214}]",2,"{'326442.4': 0, '329726.14': 0, '330214.5': 2, '33043.1533': 0, '330779.3': 0, '331104.5': 0, '334380.3': 0, '334390.3': 0, '334413.6': 0, '335283.5': 0, '335284.3': 0, '335541.4': 0, '335543.6': 0, '335992.3': 0, '336407.4': 0, '338187.4': 0, '338963.3': 0, '338966.5': 0, '338969.3': 0, '339671.5': 0, '339860.6': 0, '340099.4': 0, '340102.3': 0, '340177.8': 0, '342108.5': 0}",25,copA,gene,True,Full_Genome_1_Term_Test
[],0,"{'313595.4': 0, '313596.4': 0, '313598.3': 0, '313603.4': 0, '314225.8': 0, '314230.4': 0, '314231.3': 0, '314232.4': 0, '314254.5': 0, '314260.5': 0, '314262.3': 0, '314264.3': 0, '314265.3': 0, '314266.4': 0, '314267.3': 0, '314275.6': 0, '314281.6': 0, '314283.5': 0, '314285.4': 0, '314292.23': 0, '314345.3': 0, '314607.3': 0, '314723.3': 0, '316056.14': 0, '316067.3': 0}",25,copA,gene,False,Full_Genome_1_Term_Test
"[{'accession': 'NC_012491', 'end': 383094, 'feature_type': 'CDS', 'gene': 'copA', 'genome_id': '358681.3', 'genome_name': 'Brevibacillus brevis NBRC 100599', 'na_length': 2421, 'patric_id': 'fig|358681.3.peg.370', 'product': 'Lead, cadmium, zinc and mercury transporting ATPase (EC 3.6.3.3) (EC 3.6.3.5); Copper-translocating P-type ATPase (EC 3.6.3.4)', 'refseq_locus_tag': 'BBR47_03740', 'start': 380674, 'strand': '+', 'taxon_id': 358681}, {'accession': 'NC_012491', 'end': 383094, 'feature_type': 'CDS', 'gene': 'copA', 'genome_id': '358681.3', 'genome_name': 'Brevibacillus brevis NBRC 100599', 'na_length': 2421, 'product': 'copper-transporting P-type ATPase', 'refseq_locus_tag': 'BBR47_03740', 'start': 380674, 'strand': '+', 'taxon_id': 358681}]",2,"{'358681.3': 2, '360095.7': 0, '360106.5': 0, '360107.5': 0, '362242.7': 0, '363253.4': 0, '365046.3': 0, '367737.4': 0, '367928.5': 0, '368407.6': 0, '368408.5': 0, '36870.1': 0, '369723.3': 0, '370438.3': 0, '372461.16': 0, '373903.4': 0, '373994.3': 0, '374463.4': 0, '374847.3': 0, '375286.6': 0, '375451.6': 0, '376686.6': 0, '37692.4': 0, '377629.3': 0, '378753.3': 0}",25,copA,gene,True,Full_Genome_1_Term_Test
"[{'accession': 'FO082060', 'end': 192960, 'feature_type': 'CDS', 'gene': 'copA', 'genome_id': '271065.3', 'genome_name': 'Methylomicrobium alcaliphilum strain 20Z', 'na_length': 2436, 'patric_id': 'fig|271065.3.peg.180', 'product': 'Lead, cadmium, zinc and mercury transporting ATPase (EC 3.6.3.3) (EC 3.6.3.5); Copper-translocating P-type ATPase (EC 3.6.3.4)', 'refseq_locus_tag': 'MEALZ_0172', 'start': 190525, 'strand': '+', 'taxon_id': 271065}, {'accession': 'FO082060', 'end': 1888285, 'feature_type': 'CDS', 'gene': 'copA', 'genome_id': '271065.3', 'genome_name': 'Methylomicrobium alcaliphilum strain 20Z', 'na_length': 2256, 'product': 'Copper-exporting P-type ATPase A', 'refseq_locus_tag': 'MEALZ_1645', 'start': 1886030, 'strand': '+', 'taxon_id': 271065}, {'accession': 'FO082060', 'end': 192960, 'feature_type': 'CDS', 'gene': 'copA', 'genome_id': '271065.3', 'genome_name': 'Methylomicrobium alcaliphilum strain 20Z', 'na_length': 2451, 'product': 'Copper-exporting P-type ATPase A', 'refseq_locus_tag': 'MEALZ_0172', 'start': 190510, 'strand': '+', 'taxon_id': 271065}, {'accession': 'FO082060', 'end': 1888285, 'feature_type': 'CDS', 'gene': 'copA', 'genome_id': '271065.3', 'genome_name': 'Methylomicrobium alcaliphilum strain 20Z', 'na_length': 2256, 'patric_id': 'fig|271065.3.peg.1689', 'product': 'Lead, cadmium, zinc and mercury transporting ATPase (EC 3.6.3.3) (EC 3.6.3.5); Copper-translocating P-type ATPase (EC 3.6.3.4)', 'refseq_locus_tag': 'MEALZ_1645', 'start': 1886030, 'strand': '+', 'taxon_id': 271065}]",4,"{'265311.3': 0, '266117.19': 0, '266264.4': 0, '266265.5': 0, '266779.9': 0, '266834.1': 0, '266835.1': 0, '266940.25': 0, '267377.1': 0, '267608.1': 0, '267671.1': 0, '267747.1': 0, '267748.1': 0, '269483.3': 0, '269484.4': 0, '269796.9': 0, '269797.3': 0, '269798.12': 0, '269799.3': 0, '269800.4': 0, '271065.3': 4, '272557.1': 0, '272558.1': 0, '272559.3': 0, '272561.1': 0}",25,copA,gene,True,Full_Genome_1_Term_Test
"[{'accession': 'NC_009434', 'end': 3658707, 'feature_type': 'CDS', 'gene': 'copA', 'genome_id': '379731.5', 'genome_name': 'Pseudomonas stutzeri A1501', 'na_length': 1881, 'product': 'copper resistance protein A', 'refseq_locus_tag': 'PST_3383', 'start': 3656827, 'strand': '-', 'taxon_id': 379731}, {'accession': 'NC_009434', 'end': 3658527, 'feature_type': 'CDS', 'gene': 'copA', 'genome_id': '379731.5', 'genome_name': 'Pseudomonas stutzeri A1501', 'na_length': 1701, 'patric_id': 'fig|379731.5.peg.3390', 'product': 'Multicopper oxidase', 'refseq_locus_tag': 'PST_3383', 'start': 3656827, 'strand': '-', 'taxon_id': 379731}]",2,"{'378806.8': 0, '379066.3': 0, '379731.5': 2, '380394.3': 0, '380703.5': 0, '380749.4': 0, '381764.6': 0, '382464.3': 0, '382638.8': 0, '383372.4': 0, '384616.5': 0, '386415.6': 0, '387092.5': 0, '387093.4': 0, '387344.13': 0, '388399.4': 0, '388413.5': 0, '388919.8': 0, '390236.5': 0, '390333.6': 0, '391008.3': 0, '391009.4': 0, '391037.3': 0, '391165.8': 0, '391296.7': 0}",25,copA,gene,True,Full_Genome_1_Term_Test
[],0,"{'316274.3': 0, '316275.9': 0, '316279.3': 0, '316407.3': 0, '317025.3': 0, '317655.9': 0, '318161.14': 0, '318586.4': 0, '319225.3': 0, '319795.16': 0, '321955.3': 0, '321967.8': 0, '322710.5': 0, '323097.3': 0, '323259.5': 0, '323261.3': 0, '323848.3': 0, '324057.4': 0, '324602.4': 0, '324925.4': 0, '325240.9': 0, '326297.7': 0, '326298.3': 0, '326424.13': 0, '326426.4': 0}",25,copA,gene,False,Full_Genome_1_Term_Test
"[{'accession': 'NC_008800', 'end': 3328599, 'feature_type': 'CDS', 'gene': 'copA', 'genome_id': '393305.7', 'genome_name': 'Yersinia enterocolitica subsp. enterocolitica 8081', 'na_length': 2757, 'patric_id': 'fig|393305.7.peg.3257', 'product': 'Lead, cadmium, zinc and mercury transporting ATPase (EC 3.6.3.3) (EC 3.6.3.5); Copper-translocating P-type ATPase (EC 3.6.3.4)', 'refseq_locus_tag': 'YE3061', 'start': 3325843, 'strand': '+', 'taxon_id': 393305}, {'accession': 'NC_008800', 'end': 3328599, 'feature_type': 'CDS', 'gene': 'copA', 'genome_id': '393305.7', 'genome_name': 'Yersinia enterocolitica subsp. enterocolitica 8081', 'na_length': 2757, 'product': 'copper exporting ATPase', 'refseq_locus_tag': 'YE3061', 'start': 3325843, 'strand': '+', 'taxon_id': 393305}, {'accession': 'NC_012121', 'end': 1609866, 'feature_type': 'CDS', 'gene': 'copA', 'genome_id': '396513.4', 'genome_name': 'Staphylococcus carnosus subsp. carnosus TM300', 'na_length': 2202, 'patric_id': 'fig|396513.4.peg.1582', 'product': 'Lead, cadmium, zinc and mercury transporting ATPase (EC 3.6.3.3) (EC 3.6.3.5); Copper-translocating P-type ATPase (EC 3.6.3.4)', 'refseq_locus_tag': 'Sca_1585', 'start': 1607665, 'strand': '-', 'taxon_id': 396513}, {'accession': 'NC_012121', 'end': 1609866, 'feature_type': 'CDS', 'gene': 'copA', 'genome_id': '396513.4', 'genome_name': 'Staphylococcus carnosus subsp. carnosus TM300', 'na_length': 2202, 'product': 'putative copper-transporting P-type ATPase', 'refseq_locus_tag': 'Sca_1585', 'start': 1607665, 'strand': '-', 'taxon_id': 396513}]",4,"{'391587.3': 0, '391600.3': 0, '391616.3': 0, '391619.3': 0, '391735.5': 0, '391904.3': 0, '392499.4': 0, '392500.3': 0, '393115.8': 0, '393305.7': 2, '393595.12': 0, '394503.6': 0, '395493.3': 0, '395494.4': 0, '395495.3': 0, '395965.4': 0, '396513.4': 2, '396588.3': 0, '397945.5': 0, '397948.3': 0, '398578.3': 0, '398580.3': 0, '398720.4': 0, '398767.5': 0, '399549.6': 0}",25,copA,gene,True,Full_Genome_1_Term_Test
"[{'accession': 'NC_011144', 'end': 1186756, 'feature_type': 'CDS', 'gene': 'copA', 'genome_id': '450851.6', 'genome_name': 'Phenylobacterium zucineum HLK1', 'na_length': 1833, 'patric_id': 'fig|450851.6.peg.1529', 'product': 'Multicopper oxidase', 'refseq_locus_tag': 'PHZ_c1052', 'start': 1184924, 'strand': '-', 'taxon_id': 450851}, {'accession': 'NC_011144', 'end': 1186756, 'feature_type': 'CDS', 'gene': 'copA', 'genome_id': '450851.6', 'genome_name': 'Phenylobacterium zucineum HLK1', 'na_length': 1833, 'product': 'copper-resistance protein A', 'refseq_locus_tag': 'PHZ_c1052', 'start': 1184924, 'strand': '-', 'taxon_id': 450851}, {'accession': 'NC_011143', 'end': 256838, 'feature_type': 'CDS', 'gene': 'copA', 'genome_id': '450851.6', 'genome_name': 'Phenylobacterium zucineum HLK1', 'na_length': 1311, 'product': 'copper resistance protein A', 'refseq_locus_tag': 'PHZ_p0217', 'start': 255528, 'strand': '+', 'taxon_id': 450851}, {'accession': 'NC_011143', 'end': 256838, 'feature_type': 'CDS', 'gene': 'copA', 'genome_id': '450851.6', 'genome_name': 'Phenylobacterium zucineum HLK1', 'na_length': 1314, 'patric_id': 'fig|450851.6.peg.230', 'product': 'Multicopper oxidase', 'refseq_locus_tag': 'PHZ_p0217', 'start': 255525, 'strand': '+', 'taxon_id': 450851}]",4,"{'439843.6': 0, '43989.3': 0, '441768.4': 0, '442563.3': 0, '443254.3': 0, '443906.9': 0, '444157.3': 0, '444158.3': 0, '444177.5': 0, '445932.3': 0, '445970.5': 0, '445971.6': 0, '445972.6': 0, '445973.7': 0, '445987.3': 0, '446462.8': 0, '446466.7': 0, '446468.6': 0, '446469.4': 0, '446470.6': 0, '446471.6': 0, '448385.11': 0, '449447.3': 0, '450851.6': 4, '452471.3': 0}",25,copA,gene,True,Full_Genome_1_Term_Test
"[{'accession': 'NC_014006', 'end': 490966, 'feature_type': 'CDS', 'gene': 'copA', 'genome_id': '452662.3', 'genome_name': 'Sphingobium japonicum UT26S', 'na_length': 2358, 'patric_id': 'fig|452662.3.peg.491', 'product': 'Lead, cadmium, zinc and mercury transporting ATPase (EC 3.6.3.3) (EC 3.6.3.5); Copper-translocating P-type ATPase (EC 3.6.3.4)', 'refseq_locus_tag': 'SJA_C1-04830', 'start': 488609, 'strand': '-', 'taxon_id': 452662}, {'accession': 'NC_014006', 'end': 725707, 'feature_type': 'CDS', 'gene': 'copA', 'genome_id': '452662.3', 'genome_name': 'Sphingobium japonicum UT26S', 'na_length': 2340, 'patric_id': 'fig|452662.3.peg.707', 'product': 'Lead, cadmium, zinc and mercury transporting ATPase (EC 3.6.3.3) (EC 3.6.3.5); Copper-translocating P-type ATPase (EC 3.6.3.4)', 'refseq_locus_tag': 'SJA_C1-07120', 'start': 723368, 'strand': '-', 'taxon_id': 452662}, {'accession': 'NC_014006', 'end': 513455, 'feature_type': 'CDS', 'gene': 'copA', 'genome_id': '452662.3', 'genome_name': 'Sphingobium japonicum UT26S', 'na_length': 1707, 'product': 'copper resistance protein CopA', 'refseq_locus_tag': 'SJA_C1-05060', 'start': 511749, 'strand': '-', 'taxon_id': 452662}, {'accession': 'NC_014006', 'end': 490966, 'feature_type': 'CDS', 'gene': 'copA', 'genome_id': '452662.3', 'genome_name': 'Sphingobium japonicum UT26S', 'na_length': 2358, 'product': 'cation transport ATPase', 'refseq_locus_tag': 'SJA_C1-04830', 'start': 488609, 'strand': '-', 'taxon_id': 452662}, {'accession': 'NC_014006', 'end': 540006, 'feature_type': 'CDS', 'gene': 'copA', 'genome_id': '452662.3', 'genome_name': 'Sphingobium japonicum UT26S', 'na_length': 2502, 'product': 'cation transport ATPase', 'refseq_locus_tag': 'SJA_C1-05320', 'start': 537505, 'strand': '-', 'taxon_id': 452662}, {'accession': 'NC_014006', 'end': 725707, 'feature_type': 'CDS', 'gene': 'copA', 'genome_id': '452662.3', 'genome_name': 'Sphingobium japonicum UT26S', 'na_length': 2340, 'product': 'cation transport ATPase', 'refseq_locus_tag': 'SJA_C1-07120', 'start': 723368, 'strand': '-', 'taxon_id': 452662}, {'accession': 'NC_014006', 'end': 2339765, 'feature_type': 'CDS', 'gene': 'copA', 'genome_id': '452662.3', 'genome_name': 'Sphingobium japonicum UT26S', 'na_length': 1704, 'product': 'copper resistance protein CopA', 'refseq_locus_tag': 'SJA_C1-23230', 'start': 2338062, 'strand': '-', 'taxon_id': 452662}, {'accession': 'NC_014006', 'end': 2339765, 'feature_type': 'CDS', 'gene': 'copA', 'genome_id': '452662.3', 'genome_name': 'Sphingobium japonicum UT26S', 'na_length': 1704, 'patric_id': 'fig|452662.3.peg.2192', 'product': 'Multicopper oxidase', 'refseq_locus_tag': 'SJA_C1-23230', 'start': 2338062, 'strand': '-', 'taxon_id': 452662}, {'accession': 'NC_014006', 'end': 540006, 'feature_type': 'CDS', 'gene': 'copA', 'genome_id': '452662.3', 'genome_name': 'Sphingobium japonicum UT26S', 'na_length': 2502, 'patric_id': 'fig|452662.3.peg.539', 'product': 'Lead, cadmium, zinc and mercury transporting ATPase (EC 3.6.3.3) (EC 3.6.3.5); Copper-translocating P-type ATPase (EC 3.6.3.4)', 'refseq_locus_tag': 'SJA_C1-05320', 'start': 537505, 'strand': '-', 'taxon_id': 452662}, {'accession': 'NC_014006', 'end': 513455, 'feature_type': 'CDS', 'gene': 'copA', 'genome_id': '452662.3', 'genome_name': 'Sphingobium japonicum UT26S', 'na_length': 1707, 'patric_id': 'fig|452662.3.peg.514', 'product': 'Multicopper oxidase', 'refseq_locus_tag': 'SJA_C1-05060', 'start': 511749, 'strand': '-', 'taxon_id': 452662}]",10,"{'452637.4': 0, '452638.3': 0, '452652.3': 0, '452659.3': 0, '452662.3': 10, '452863.6': 0, '453591.8': 0, '45361.3': 0, '454166.6': 0, '455632.3': 0, '456827.3': 0, '457570.7': 0, '458233.11': 0, '458817.3': 0, '46507.4': 0, '465515.4': 0, '467705.8': 0, '469378.5': 0, '469381.4': 0, '469596.3': 0, '469618.3': 0, '470146.3': 0, '471821.5': 0, '471852.6': 0, '471853.5': 0}",25,copA,gene,True,Full_Genome_1_Term_Test
[],0,"{'411901.7': 0, '412965.6': 0, '413999.4': 0, '415426.7': 0, '416269.5': 0, '416591.4': 0, '419610.8': 0, '419665.8': 0, '420246.5': 0, '420247.6': 0, '426355.14': 0, '426368.9': 0, '428406.5': 0, '429009.3': 0, '431943.4': 0, '431947.6': 0, '434923.3': 0, '435590.6': 0, '436113.11': 0, '436114.3': 0, '436308.3': 0, '438753.3': 0, '439235.3': 0, '439292.5': 0, '439375.7': 0}",25,copA,gene,False,Full_Genome_1_Term_Test
[],0,"{'525898.7': 0, '525903.6': 0, '525904.6': 0, '525909.11': 0, '525919.4': 0, '52598.8': 0, '526218.6': 0, '526222.3': 0, '526224.6': 0, '526225.7': 0, '526227.6': 0, '530564.3': 0, '533240.4': 0, '533247.5': 0, '535289.3': 0, '537021.9': 0, '537970.9': 0, '543728.3': 0, '545694.3': 0, '545696.5': 0, '546269.3': 0, '546271.3': 0, '546274.4': 0, '546414.3': 0, '550540.3': 0}",25,copA,gene,False,Full_Genome_1_Term_Test
[],0,"{'515620.4': 0, '515622.3': 0, '517417.4': 0, '517418.3': 0, '518766.5': 0, '519441.6': 0, '519442.4': 0, '521003.7': 0, '521011.3': 0, '521045.3': 0, '521095.6': 0, '521096.4': 0, '521097.5': 0, '521098.5': 0, '521460.8': 0, '521674.6': 0, '522306.3': 0, '523791.5': 0, '523794.5': 0, '523850.3': 0, '525146.3': 0, '525280.3': 0, '525328.4': 0, '525364.3': 0, '525897.5': 0}",25,copA,gene,False,Full_Genome_1_Term_Test
"[{'accession': 'NC_013892', 'end': 1557198, 'feature_type': 'CDS', 'gene': 'copA', 'genome_id': '406818.4', 'genome_name': 'Xenorhabdus bovienii SS-2004', 'na_length': 2706, 'patric_id': 'fig|406818.4.peg.1445', 'product': 'Lead, cadmium, zinc and mercury transporting ATPase (EC 3.6.3.3) (EC 3.6.3.5); Copper-translocating P-type ATPase (EC 3.6.3.4)', 'refseq_locus_tag': 'XBJ1_1595', 'start': 1554493, 'strand': '+', 'taxon_id': 406818}, {'accession': 'NC_013892', 'end': 1557198, 'feature_type': 'CDS', 'gene': 'copA', 'genome_id': '406818.4', 'genome_name': 'Xenorhabdus bovienii SS-2004', 'na_length': 2748, 'product': 'P-type ATPase, copper transporting, phophatase-like domain', 'refseq_locus_tag': 'XBJ1_1595', 'start': 1554451, 'strand': '+', 'taxon_id': 406818}]",2,"{'399550.6': 0, '399726.4': 0, '399741.3': 0, '399742.4': 0, '399795.3': 0, '400667.4': 0, '400668.6': 0, '401473.3': 0, '402612.4': 0, '402880.8': 0, '402881.6': 0, '403833.5': 0, '404380.3': 0, '405948.6': 0, '405955.9': 0, '406327.7': 0, '406818.4': 2, '410358.8': 0, '410359.7': 0, '411154.5': 0, '411461.4': 0, '411466.7': 0, '411483.3': 0, '411490.6': 0, '411684.3': 0}",25,copA,gene,True,Full_Genome_1_Term_Test
[],0,"{'485916.5': 0, '485917.6': 0, '485918.6': 0, '487174.266': 0, '487797.3': 0, '488538.3': 0, '490899.4': 0, '491915.4': 0, '498211.3': 0, '498217.4': 0, '498761.3': 0, '499177.3': 0, '500635.8': 0, '501479.3': 0, '504472.7': 0, '504728.4': 0, '504832.4': 0, '509169.3': 0, '511051.3': 0, '511062.4': 0, '511145.6': 0, '511680.4': 0, '512562.4': 0, '515618.4': 0, '515619.6': 0}",25,copA,gene,False,Full_Genome_1_Term_Test
[],0,"{'551115.6': 0, '552396.3': 0, '552526.7': 0, '552811.9': 0, '553190.4': 0, '553217.3': 0, '556267.4': 0, '556268.6': 0, '557598.3': 0, '557723.7': 0, '561229.3': 0, '562970.4': 0, '562982.3': 0, '563041.5': 0, '563178.3': 0, '563192.3': 0, '563194.3': 0, '565045.3': 0, '565654.4': 0, '566551.4': 0, '568817.3': 0, '570508.5': 0, '570509.6': 0, '572265.5': 0, '572477.4': 0}",25,copA,gene,False,Full_Genome_1_Term_Test
[],0,"{'471854.4': 0, '471855.5': 0, '471856.5': 0, '471857.5': 0, '471870.8': 0, '471871.7': 0, '477641.3': 0, '477974.3': 0, '478749.5': 0, '478801.5': 0, '479431.6': 0, '479432.6': 0, '479434.6': 0, '479435.6': 0, '479436.6': 0, '479437.5': 0, '481448.4': 0, '482234.3': 0, '483216.6': 0, '483218.5': 0, '484019.3': 0, '484022.4': 0, '485913.3': 0, '485914.4': 0, '485915.5': 0}",25,copA,gene,False,Full_Genome_1_Term_Test
"[{'accession': 'CP003418', 'end': 2540847, 'feature_type': 'CDS', 'gene': 'copA', 'genome_id': '945713.3', 'genome_name': 'Ignavibacterium album JCM 16511', 'na_length': 2241, 'product': 'Cation transport ATPase', 'refseq_locus_tag': 'IALB_2222', 'start': 2538607, 'strand': '+', 'taxon_id': 945713}, {'accession': 'CP003418', 'end': 2540847, 'feature_type': 'CDS', 'gene': 'copA', 'genome_id': '945713.3', 'genome_name': 'Ignavibacterium album JCM 16511', 'na_length': 2241, 'patric_id': 'fig|945713.3.peg.2228', 'product': 'Lead, cadmium, zinc and mercury transporting ATPase (EC 3.6.3.3) (EC 3.6.3.5); Copper-translocating P-type ATPase (EC 3.6.3.4)', 'refseq_locus_tag': 'IALB_2222', 'start': 2538607, 'strand': '+', 'taxon_id': 945713}]",2,"{'931626.3': 0, '937774.3': 0, '940190.3': 0, '945713.3': 2, '95666.5': 0, '96561.3': 0, '97084.1': 0, '97393.1': 0, '979556.3': 0, '983544.3': 0, '983545.3': 0, '983917.3': 0, '983954.3': 0, '985867.6': 0, '991905.3': 0, '99287.1': 0, '99598.3': 0}",17,copA,gene,True,Full_Genome_1_Term_Test
"[{'accession': 'NC_012796', 'end': 4311322, 'feature_type': 'CDS', 'gene': 'copA', 'genome_id': '573370.3', 'genome_name': 'Desulfovibrio magneticus RS-1', 'na_length': 1425, 'patric_id': 'fig|573370.3.peg.3573', 'product': 'Multicopper oxidase', 'refseq_locus_tag': 'DMR_38070', 'start': 4309898, 'strand': '+', 'taxon_id': 573370}, {'accession': 'NC_012796', 'end': 4311322, 'feature_type': 'CDS', 'gene': 'copA', 'genome_id': '573370.3', 'genome_name': 'Desulfovibrio magneticus RS-1', 'na_length': 1425, 'product': 'multicopper oxidase', 'refseq_locus_tag': 'DMR_38070', 'start': 4309898, 'strand': '+', 'taxon_id': 573370}, {'accession': 'NZ_GG697129', 'end': 329160, 'feature_type': 'CDS', 'gene': 'copA', 'genome_id': '585506.3', 'genome_name': 'Weissella paramesenteroides ATCC 33313', 'na_length': 1917, 'patric_id': 'fig|585506.3.peg.882', 'product': 'Copper-translocating P-type ATPase (EC 3.6.3.4)', 'refseq_locus_tag': 'HMPREF0877_0521', 'start': 327244, 'strand': '-', 'taxon_id': 585506}, {'accession': 'NZ_GG697129', 'end': 329160, 'feature_type': 'CDS', 'gene': 'copA', 'genome_id': '585506.3', 'genome_name': 'Weissella paramesenteroides ATCC 33313', 'na_length': 1917, 'refseq_locus_tag': 'HMPREF0877_0521', 'start': 327244, 'strand': '-', 'taxon_id': 585506}]",4,"{'572479.3': 0, '572480.3': 0, '572544.3': 0, '572547.3': 0, '573065.6': 0, '573234.4': 0, '573370.3': 2, '573413.5': 0, '574087.3': 0, '575540.3': 0, '575589.3': 0, '575594.3': 0, '575609.3': 0, '577650.3': 0, '580327.4': 0, '580331.4': 0, '580332.5': 0, '582744.3': 0, '582899.7': 0, '583345.3': 0, '583355.3': 0, '584708.3': 0, '585506.3': 2, '589865.4': 0, '590168.4': 0}",25,copA,gene,True,Full_Genome_1_Term_Test
"[{'accession': 'NC_014318', 'end': 7215136, 'feature_type': 'CDS', 'gene': 'copA', 'genome_id': '749927.5', 'genome_name': 'Amycolatopsis mediterranei U32', 'na_length': 2421, 'patric_id': 'fig|749927.5.peg.6789', 'product': 'Lead, cadmium, zinc and mercury transporting ATPase (EC 3.6.3.3) (EC 3.6.3.5); Copper-translocating P-type ATPase (EC 3.6.3.4)', 'refseq_locus_tag': 'AMED_6527', 'start': 7212716, 'strand': '-', 'taxon_id': 749927}, {'accession': 'NC_014318', 'end': 7223833, 'feature_type': 'CDS', 'gene': 'copA', 'genome_id': '749927.5', 'genome_name': 'Amycolatopsis mediterranei U32', 'na_length': 2271, 'patric_id': 'fig|749927.5.peg.6799', 'product': 'Lead, cadmium, zinc and mercury transporting ATPase (EC 3.6.3.3) (EC 3.6.3.5); Copper-translocating P-type ATPase (EC 3.6.3.4)', 'refseq_locus_tag': 'AMED_6537', 'start': 7221563, 'strand': '-', 'taxon_id': 749927}, {'accession': 'NC_014318', 'end': 7214944, 'feature_type': 'CDS', 'gene': 'copA', 'genome_id': '749927.5', 'genome_name': 'Amycolatopsis mediterranei U32', 'na_length': 2229, 'product': 'copper-translocating P-type ATPase', 'refseq_locus_tag': 'AMED_6527', 'start': 7212716, 'strand': '-', 'taxon_id': 749927}, {'accession': 'NC_014318', 'end': 7223833, 'feature_type': 'CDS', 'gene': 'copA', 'genome_id': '749927.5', 'genome_name': 'Amycolatopsis mediterranei U32', 'na_length': 2271, 'product': 'copper-translocating P-type ATPase', 'refseq_locus_tag': 'AMED_6537', 'start': 7221563, 'strand': '-', 'taxon_id': 749927}, {'accession': 'NC_014323', 'end': 1827915, 'feature_type': 'CDS', 'gene': 'copA', 'genome_id': '757424.7', 'genome_name': 'Herbaspirillum seropedicae SmR1', 'na_length': 1389, 'product': 'multicopper oxidase', 'refseq_locus_tag': 'Hsero_1601', 'start': 1826527, 'strand': '-', 'taxon_id': 757424}, {'accession': 'NC_014323', 'end': 1827915, 'feature_type': 'CDS', 'gene': 'copA', 'genome_id': '757424.7', 'genome_name': 'Herbaspirillum seropedicae SmR1', 'na_length': 1389, 'patric_id': 'fig|757424.7.peg.1613', 'product': 'Multicopper oxidase', 'refseq_locus_tag': 'Hsero_1601', 'start': 1826527, 'strand': '-', 'taxon_id': 757424}, {'accession': 'NC_014323', 'end': 1836457, 'feature_type': 'CDS', 'gene': 'copA', 'genome_id': '757424.7', 'genome_name': 'Herbaspirillum seropedicae SmR1', 'na_length': 2235, 'product': 'heavy metal translocating P-type ATPase', 'refseq_locus_tag': 'Hsero_1608', 'start': 1834223, 'strand': '-', 'taxon_id': 757424}, {'accession': 'NC_014323', 'end': 1836457, 'feature_type': 'CDS', 'gene': 'copA', 'genome_id': '757424.7', 'genome_name': 'Herbaspirillum seropedicae SmR1', 'na_length': 2235, 'patric_id': 'fig|757424.7.peg.1620', 'product': 'Lead, cadmium, zinc and mercury transporting ATPase (EC 3.6.3.3) (EC 3.6.3.5); Copper-translocating P-type ATPase (EC 3.6.3.4)', 'refseq_locus_tag': 'Hsero_1608', 'start': 1834223, 'strand': '-', 'taxon_id': 757424}, {'accession': 'NC_016026', 'end': 1248009, 'feature_type': 'CDS', 'gene': 'copA', 'genome_id': '856793.5', 'genome_name': 'Micavibrio aeruginosavorus ARL-13', 'na_length': 1863, 'patric_id': 'fig|856793.5.peg.1192', 'product': 'Multicopper oxidase', 'refseq_locus_tag': 'MICA_1253', 'start': 1246147, 'strand': '+', 'taxon_id': 856793}, {'accession': 'NC_016026', 'end': 1248009, 'feature_type': 'CDS', 'gene': 'copA', 'genome_id': '856793.5', 'genome_name': 'Micavibrio aeruginosavorus ARL-13', 'na_length': 1863, 'product': 'copper resistance protein A', 'refseq_locus_tag': 'MICA_1253', 'start': 1246147, 'strand': '+', 'taxon_id': 856793}]",10,"{'749927.5': 4, '754252.3': 0, '755732.3': 0, '756067.3': 0, '756272.5': 0, '757424.7': 4, '760011.3': 0, '760142.3': 0, '760192.3': 0, '76114.4': 0, '761193.3': 0, '762948.4': 0, '765420.3': 0, '765912.4': 0, '767100.3': 0, '768066.3': 0, '768704.3': 0, '768710.3': 0, '795359.3': 0, '83332.1': 0, '83332.351': 0, '83333.1': 0, '83334.1': 0, '85643.4': 0, '856793.5': 2}",25,copA,gene,True,Full_Genome_1_Term_Test
"[{'accession': 'CP001560', 'end': 2924164, 'feature_type': 'CDS', 'gene': 'copA', 'genome_id': '630626.3', 'genome_name': 'Shimwellia blattae DSM 4481 = NBRC 105725', 'na_length': 2517, 'product': 'copper-transporting P-type ATPase', 'refseq_locus_tag': 'EBL_c28410', 'start': 2921648, 'strand': '+', 'taxon_id': 630626}, {'accession': 'CP001560', 'end': 2924164, 'feature_type': 'CDS', 'gene': 'copA', 'genome_id': '630626.3', 'genome_name': 'Shimwellia blattae DSM 4481 = NBRC 105725', 'na_length': 2517, 'patric_id': 'fig|630626.3.peg.2757', 'product': 'Lead, cadmium, zinc and mercury transporting ATPase (EC 3.6.3.3) (EC 3.6.3.5); Copper-translocating P-type ATPase (EC 3.6.3.4)', 'refseq_locus_tag': 'EBL_c28410', 'start': 2921648, 'strand': '+', 'taxon_id': 630626}, {'accession': 'NZ_GG694016', 'end': 241291, 'feature_type': 'CDS', 'gene': 'copA', 'genome_id': '638301.3', 'genome_name': 'Granulicatella adiacens ATCC 49175', 'na_length': 2244, 'refseq_locus_tag': 'HMPREF0444_1822', 'start': 239048, 'strand': '-', 'taxon_id': 638301}, {'accession': 'NZ_GG694016', 'end': 241291, 'feature_type': 'CDS', 'gene': 'copA', 'genome_id': '638301.3', 'genome_name': 'Granulicatella adiacens ATCC 49175', 'na_length': 2244, 'patric_id': 'fig|638301.3.peg.901', 'product': 'Lead, cadmium, zinc and mercury transporting ATPase (EC 3.6.3.3) (EC 3.6.3.5); Copper-translocating P-type ATPase (EC 3.6.3.4)', 'refseq_locus_tag': 'HMPREF0444_1822', 'start': 239048, 'strand': '-', 'taxon_id': 638301}]",4,"{'629741.3': 0, '630626.3': 2, '63186.3': 0, '632292.3': 0, '632518.3': 0, '633131.3': 0, '633149.4': 0, '634176.4': 0, '634503.3': 0, '635013.3': 0, '63737.4': 0, '637380.6': 0, '638300.3': 0, '638301.3': 2, '638303.3': 0, '639282.3': 0, '639283.3': 0, '640081.3': 0, '64091.1': 0, '641118.3': 0, '641149.3': 0, '643562.6': 0, '643867.3': 0, '644282.4': 0, '644966.3': 0}",25,copA,gene,True,Full_Genome_1_Term_Test
"[{'accession': 'NC_014103', 'end': 1903428, 'feature_type': 'CDS', 'gene': 'copA', 'genome_id': '592022.4', 'genome_name': 'Bacillus megaterium DSM 319', 'na_length': 2418, 'product': 'copper-translocating P-type ATPase', 'refseq_locus_tag': 'BMD_1896', 'start': 1901011, 'strand': '+', 'taxon_id': 592022}, {'accession': 'NC_014103', 'end': 1903428, 'feature_type': 'CDS', 'gene': 'copA', 'genome_id': '592022.4', 'genome_name': 'Bacillus megaterium DSM 319', 'na_length': 2418, 'patric_id': 'fig|592022.4.peg.1842', 'product': 'Lead, cadmium, zinc and mercury transporting ATPase (EC 3.6.3.3) (EC 3.6.3.5); Copper-translocating P-type ATPase (EC 3.6.3.4)', 'refseq_locus_tag': 'BMD_1896', 'start': 1901011, 'strand': '+', 'taxon_id': 592022}, {'accession': 'CP001397', 'end': 768817, 'feature_type': 'CDS', 'gene': 'copA', 'genome_id': '592029.3', 'genome_name': 'Nonlabens dokdonensis DSW-6', 'na_length': 2385, 'patric_id': 'fig|592029.3.peg.722', 'product': 'Multicopper oxidase', 'refseq_locus_tag': 'DDD_0728', 'start': 766433, 'strand': '+', 'taxon_id': 592029}, {'accession': 'CP001397', 'end': 768817, 'feature_type': 'CDS', 'gene': 'copA', 'genome_id': '592029.3', 'genome_name': 'Nonlabens dokdonensis DSW-6', 'na_length': 2385, 'product': 'copper resistance protein', 'refseq_locus_tag': 'DDD_0728', 'start': 766433, 'strand': '+', 'taxon_id': 592029}]",4,"{'590409.4': 0, '590998.5': 0, '591001.3': 0, '591365.3': 0, '59196.3': 0, '592010.4': 0, '592022.4': 2, '592026.3': 0, '592028.3': 0, '592029.3': 2, '592031.3': 0, '59374.5': 0, '593907.5': 0, '595494.3': 0, '595499.4': 0, '596154.3': 0, '59748.8': 0, '598467.3': 0, '598659.3': 0, '600809.5': 0, '608534.3': 0, '608538.3': 0, '610130.3': 0, '626523.3': 0, '62928.7': 0}",25,copA,gene,True,Full_Genome_1_Term_Test
"[{'accession': 'FN543093', 'end': 1180230, 'feature_type': 'CDS', 'gene': 'copA', 'genome_id': '693216.3', 'genome_name': 'Cronobacter turicensis z3032', 'na_length': 2508, 'patric_id': 'fig|693216.3.peg.1063', 'product': 'Lead, cadmium, zinc and mercury transporting ATPase (EC 3.6.3.3) (EC 3.6.3.5); Copper-translocating P-type ATPase (EC 3.6.3.4)', 'refseq_locus_tag': 'Ctu_10910', 'start': 1177723, 'strand': '-', 'taxon_id': 693216}, {'accession': 'FN543093', 'end': 1180245, 'feature_type': 'CDS', 'gene': 'copA', 'genome_id': '693216.3', 'genome_name': 'Cronobacter turicensis z3032', 'na_length': 2523, 'product': 'Copper-exporting P-type ATPase A', 'refseq_locus_tag': 'Ctu_10910', 'start': 1177723, 'strand': '-', 'taxon_id': 693216}, {'accession': 'NC_013956', 'end': 1194366, 'feature_type': 'CDS', 'gene': 'copA', 'genome_id': '706191.3', 'genome_name': 'Pantoea ananatis LMG 20103', 'na_length': 2511, 'patric_id': 'fig|706191.3.peg.1072', 'product': 'Lead, cadmium, zinc and mercury transporting ATPase (EC 3.6.3.3) (EC 3.6.3.5); Copper-translocating P-type ATPase (EC 3.6.3.4)', 'refseq_locus_tag': 'PANA_1042', 'start': 1191856, 'strand': '-', 'taxon_id': 706191}, {'accession': 'NC_013956', 'end': 1194366, 'feature_type': 'CDS', 'gene': 'copA', 'genome_id': '706191.3', 'genome_name': 'Pantoea ananatis LMG 20103', 'na_length': 2511, 'product': 'CopA', 'refseq_locus_tag': 'PANA_1042', 'start': 1191856, 'strand': '-', 'taxon_id': 706191}]",4,"{'671143.5': 0, '675635.11': 0, '675812.3': 0, '675814.3': 0, '675817.3': 0, '679192.3': 0, '679197.3': 0, '680198.5': 0, '685035.3': 0, '685727.3': 0, '688269.3': 0, '688270.3': 0, '69014.3': 0, '693216.3': 2, '693978.3': 0, '694427.4': 0, '694569.3': 0, '696127.4': 0, '696281.4': 0, '696747.3': 0, '696748.4': 0, '702113.7': 0, '70601.1': 0, '706191.3': 2, '706433.3': 0}",25,copA,gene,True,Full_Genome_1_Term_Test
"[{'accession': 'NC_014550', 'end': 738018, 'feature_type': 'CDS', 'gene': 'copA', 'genome_id': '861360.3', 'genome_name': 'Arthrobacter arilaitensis Re117', 'na_length': 2004, 'product': 'copper-exporting ATPase CopA', 'refseq_locus_tag': 'AARI_06660', 'start': 736015, 'strand': '+', 'taxon_id': 861360}, {'accession': 'NC_014550', 'end': 738018, 'feature_type': 'CDS', 'gene': 'copA', 'genome_id': '861360.3', 'genome_name': 'Arthrobacter arilaitensis Re117', 'na_length': 1947, 'patric_id': 'fig|861360.3.peg.726', 'product': 'Heavy-Metal transporting ATPase', 'refseq_locus_tag': 'AARI_06660', 'start': 736072, 'strand': '+', 'taxon_id': 861360}]",2,"{'857087.3': 0, '857290.3': 0, '85962.1': 0, '85963.1': 0, '861360.3': 2, '862517.3': 0, '862965.3': 0, '864564.3': 0, '865937.3': 0, '865938.3': 0, '866536.3': 0, '866775.3': 0, '867900.3': 0, '867902.3': 0, '868864.3': 0, '869209.3': 0, '869210.3': 0, '869212.3': 0, '870187.4': 0, '871585.3': 0, '871968.4': 0, '873533.3': 0, '87626.5': 0, '880070.3': 0, '880071.3': 0}",25,copA,gene,True,Full_Genome_1_Term_Test
"[{'accession': 'FO203503', 'end': 168889, 'feature_type': 'CDS', 'gene': 'copA', 'genome_id': '651182.5', 'genome_name': 'Desulfobacula toluolica Tol2', 'na_length': 2448, 'patric_id': 'fig|651182.5.peg.166', 'product': 'Lead, cadmium, zinc and mercury transporting ATPase (EC 3.6.3.3) (EC 3.6.3.5); Copper-translocating P-type ATPase (EC 3.6.3.4)', 'refseq_locus_tag': 'TOL2_C01340', 'start': 166442, 'strand': '-', 'taxon_id': 651182}, {'accession': 'FO203503', 'end': 168889, 'feature_type': 'CDS', 'gene': 'copA', 'genome_id': '651182.5', 'genome_name': 'Desulfobacula toluolica Tol2', 'na_length': 2448, 'product': 'CopA: copper-exporting P-type ATPase A', 'refseq_locus_tag': 'TOL2_C01340', 'start': 166442, 'strand': '-', 'taxon_id': 651182}]",2,"{'645463.3': 0, '645512.3': 0, '645991.3': 0, '648757.4': 0, '648996.5': 0, '649349.3': 0, '649638.3': 0, '649639.5': 0, '65093.3': 0, '651182.5': 2, '653733.4': 0, '655438.3': 0, '655811.4': 0, '655815.4': 0, '657313.3': 0, '657314.3': 0, '657321.5': 0, '663278.4': 0, '665571.4': 0, '666684.3': 0, '666685.3': 0, '66692.3': 0, '667014.3': 0, '667015.3': 0, '670487.3': 0}",25,copA,gene,True,Full_Genome_1_Term_Test
"[{'accession': 'NC_013971', 'end': 1152686, 'feature_type': 'CDS', 'gene': 'copA', 'genome_id': '716540.3', 'genome_name': 'Erwinia amylovora ATCC 49946', 'na_length': 2508, 'patric_id': 'fig|716540.3.peg.1029', 'product': 'Lead, cadmium, zinc and mercury transporting ATPase (EC 3.6.3.3) (EC 3.6.3.5); Copper-translocating P-type ATPase (EC 3.6.3.4)', 'refseq_locus_tag': 'EAM_1044', 'start': 1150179, 'strand': '-', 'taxon_id': 716540}, {'accession': 'NC_013971', 'end': 1152686, 'feature_type': 'CDS', 'gene': 'copA', 'genome_id': '716540.3', 'genome_name': 'Erwinia amylovora ATCC 49946', 'na_length': 2508, 'product': 'copper-transporting P-type ATPase', 'refseq_locus_tag': 'EAM_1044', 'start': 1150179, 'strand': '-', 'taxon_id': 716540}, {'accession': 'NC_014225', 'end': 1232325, 'feature_type': 'CDS', 'gene': 'copA1', 'genome_id': '716544.4', 'genome_name': 'Waddlia chondrophila WSU 86-1044', 'na_length': 2181, 'patric_id': 'fig|716544.4.peg.1116', 'product': 'Lead, cadmium, zinc and mercury transporting ATPase (EC 3.6.3.3) (EC 3.6.3.5); Copper-translocating P-type ATPase (EC 3.6.3.4)', 'refseq_locus_tag': 'wcw_1151', 'start': 1230145, 'strand': '-', 'taxon_id': 716544}, {'accession': 'NC_014225', 'end': 1823927, 'feature_type': 'CDS', 'gene': 'copA2', 'genome_id': '716544.4', 'genome_name': 'Waddlia chondrophila WSU 86-1044', 'na_length': 2109, 'patric_id': 'fig|716544.4.peg.1657', 'product': 'Lead, cadmium, zinc and mercury transporting ATPase (EC 3.6.3.3) (EC 3.6.3.5); Copper-translocating P-type ATPase (EC 3.6.3.4)', 'refseq_locus_tag': 'wcw_1709', 'start': 1821819, 'strand': '-', 'taxon_id': 716544}, {'accession': 'NC_014225', 'end': 1823927, 'feature_type': 'CDS', 'gene': 'copA2', 'genome_id': '716544.4', 'genome_name': 'Waddlia chondrophila WSU 86-1044', 'na_length': 2109, 'product': 'heavy metal translocating P-type ATPase', 'refseq_locus_tag': 'wcw_1709', 'start': 1821819, 'strand': '-', 'taxon_id': 716544}, {'accession': 'NC_014225', 'end': 1232481, 'feature_type': 'CDS', 'gene': 'copA1', 'genome_id': '716544.4', 'genome_name': 'Waddlia chondrophila WSU 86-1044', 'na_length': 2337, 'product': 'heavy metal translocating P-type ATPase', 'refseq_locus_tag': 'wcw_1151', 'start': 1230145, 'strand': '-', 'taxon_id': 716544}, {'accession': 'GG770409', 'end': 1198014, 'feature_type': 'CDS', 'gene': 'copA', 'genome_id': '742159.3', 'genome_name': 'Achromobacter piechaudii ATCC 43553', 'na_length': 1905, 'product': 'P-ATPase superfamily P-type ATPase copper transporter', 'refseq_locus_tag': 'HMPREF0004_1152', 'start': 1196110, 'strand': '-', 'taxon_id': 742159}, {'accession': 'GG770409', 'end': 1198002, 'feature_type': 'CDS', 'gene': 'copA', 'genome_id': '742159.3', 'genome_name': 'Achromobacter piechaudii ATCC 43553', 'na_length': 1893, 'patric_id': 'fig|742159.3.peg.2026', 'product': 'Multicopper oxidase', 'refseq_locus_tag': 'HMPREF0004_1152', 'start': 1196110, 'strand': '-', 'taxon_id': 742159}, {'accession': 'GG770409', 'end': 1783057, 'feature_type': 'CDS', 'gene': 'copA2', 'genome_id': '742159.3', 'genome_name': 'Achromobacter piechaudii ATCC 43553', 'na_length': 1743, 'patric_id': 'fig|742159.3.peg.2604', 'product': 'Multicopper oxidase', 'refseq_locus_tag': 'HMPREF0004_1696', 'start': 1781315, 'strand': '+', 'taxon_id': 742159}, {'accession': 'GG770409', 'end': 1783057, 'feature_type': 'CDS', 'gene': 'copA2', 'genome_id': '742159.3', 'genome_name': 'Achromobacter piechaudii ATCC 43553', 'na_length': 1902, 'product': 'CopA family copper resistance protein', 'refseq_locus_tag': 'HMPREF0004_1696', 'start': 1781156, 'strand': '+', 'taxon_id': 742159}]",10,"{'706434.3': 0, '709032.3': 0, '709991.3': 0, '710696.3': 0, '71421.1': 0, '716540.3': 2, '716544.4': 4, '717231.3': 0, '717606.6': 0, '717773.3': 0, '717959.3': 0, '717960.3': 0, '717961.3': 0, '718255.3': 0, '741091.3': 0, '742159.3': 4, '742821.3': 0, '743718.4': 0, '743720.3': 0, '743721.3': 0, '743722.3': 0, '744980.3': 0, '746697.3': 0, '749219.3': 0, '749222.3': 0}",25,copA,gene,True,Full_Genome_1_Term_Test
"[{'accession': 'NZ_GL636062', 'end': 2439929, 'feature_type': 'CDS', 'gene': 'copA', 'genome_id': '887898.3', 'genome_name': 'Lautropia mirabilis ATCC 51599', 'na_length': 2604, 'refseq_locus_tag': 'HMPREF0551_2076', 'start': 2437326, 'strand': '-', 'taxon_id': 887898}, {'accession': 'NZ_GL636062', 'end': 2439929, 'feature_type': 'CDS', 'gene': 'copA', 'genome_id': '887898.3', 'genome_name': 'Lautropia mirabilis ATCC 51599', 'na_length': 2604, 'patric_id': 'fig|887898.3.peg.1173', 'product': 'Lead, cadmium, zinc and mercury transporting ATPase (EC 3.6.3.3) (EC 3.6.3.5); Copper-translocating P-type ATPase (EC 3.6.3.4)', 'refseq_locus_tag': 'HMPREF0551_2076', 'start': 2437326, 'strand': '-', 'taxon_id': 887898}]",2,"{'880072.3': 0, '880073.4': 0, '880591.3': 0, '882.5': 0, '882102.3': 0, '882378.3': 0, '883.3': 0, '883098.3': 0, '883111.3': 0, '883114.3': 0, '883161.3': 0, '887898.3': 2, '888741.3': 0, '889201.3': 0, '891968.3': 0, '903503.4': 0, '903814.3': 0, '907.4': 0, '908337.3': 0, '911045.3': 0, '926556.3': 0, '926569.3': 0, '929562.3': 0, '929563.3': 0, '929713.3': 0}",25,copA,gene,True,Full_Genome_1_Term_Test
