search_term,genome_id,success,count,error,accession,patric_id,product,start,end,strand,feature_type,gene,locus_tag,protein_id,function,subsystem
csgA,Unknown,TRUE,1,,CP003989,,Short chain dehydrogenase,1128712,1129407,-,CDS,csgA [H],,,,
csgA,Unknown,TRUE,1,,CP003989,fig|1255043.3.peg.1197,Short-chain dehydrogenase,1128712,1129407,-,CDS,csgA [H],,,,
csgA,Unknown,TRUE,1,,CP003170,,short-chain dehydrogenase/reductase SDR,4704943,4705704,+,CDS,csgA,,,,
csgA,Unknown,TRUE,1,,CP003170,fig|134676.3.peg.4192,Short-chain dehydrogenase/reductase SDR?,4705024,4705704,+,CDS,csgA,,,,
csgA,NC,TRUE,1,,NC_014623,,c-signal protein,2390215,2390925,+,CDS,csgA,,,,
csgA,NC,TRUE,1,,NC_014623,fig|378806.8.peg.1985,hypothetical protein,2390215,2390925,+,CDS,csgA,,,,
csgA,Unknown,TRUE,1,,CP002568,,Short-chain dehydrogenase/reductase SDR,3027503,3028189,+,CDS,csgA,,,,
csgA,Unknown,TRUE,1,,CP002568,fig|991905.3.peg.2887,"Oxidoreductase, short-chain dehydrogenase/reductase family",3027503,3028189,+,CDS,csgA,,,,
csgA,Unknown,TRUE,1,,CP001560,fig|630626.3.peg.3060,Major curlin subunit precursor CsgA,3229556,3230020,-,CDS,csgA,,,,
csgA,Unknown,TRUE,1,,CP001560,,curlin major subunit CsgA,3229556,3230020,-,CDS,csgA,,,,
csgA,Unknown,TRUE,1,,FN543093,,Major curlin subunit,1717777,1718193,+,CDS,csgA,,,,
csgA,Unknown,TRUE,1,,FN543093,fig|693216.3.peg.1544,Major curlin subunit precursor CsgA,1717777,1718193,+,CDS,csgA,,,,
csgA,NC,TRUE,1,,NC_013956,fig|706191.3.peg.3899,Putative short-chain dehydrogenase,4145170,4145850,-,CDS,csgA,,,,
csgA,NC,TRUE,1,,NC_013956,,CsgA,4145170,4145931,-,CDS,csgA,,,,
csgB,Unknown,TRUE,1,,CP001560,,minor curlin protein CsgB,3230070,3230561,-,CDS,csgB,,,,
csgB,Unknown,TRUE,1,,FN543093,fig|693216.3.peg.1543,"Minor curlin subunit CsgB, nucleation component of curlin monomers",1717278,1717733,+,CDS,csgB,,,,
csgB,Unknown,TRUE,1,,FN543093,,Minor curlin subunit,1717278,1717733,+,CDS,csgB,,,,
csgC,Unknown,TRUE,1,,CP001560,fig|630626.3.peg.3059,Putative curli production protein CsgC,3229127,3229456,-,CDS,csgC,,,,
csgC,Unknown,TRUE,1,,CP001560,,curli production protein CsgC,3229127,3229456,-,CDS,csgC,,,,
csgC,Unknown,TRUE,1,,FN543093,fig|693216.3.peg.1545,Putative curli production protein CsgC,1718243,1718572,+,CDS,csgC,,,,
csgC,Unknown,TRUE,1,,FN543093,,Putative curli production protein csgC,1718243,1718572,+,CDS,csgC,,,,
csgD,NC,TRUE,1,,NC_007606,,,946090,946485,+,pseudogene,csgD,,,,
csgD,Unknown,TRUE,1,,FN543093,,Probable csgAB operon transcriptional regulatory protein,1715922,1716569,-,CDS,csgD,,,,
csgD,Unknown,TRUE,1,,FN543093,fig|693216.3.peg.1542,Transcriptional regulator CsgD for 2nd curli operon,1715922,1716572,-,CDS,csgD,,,,
csgD,Unknown,TRUE,1,,CP001560,,csgAB operon transcriptional regulatory protein,3231231,3231881,+,CDS,csgD1,,,,
csgD,Unknown,TRUE,1,,CP001560,fig|630626.3.peg.768,Transcriptional regulator CsgD for 2nd curli operon,790482,791162,-,CDS,csgD2,,,,
csgD,Unknown,TRUE,1,,CP001560,fig|630626.3.peg.3061,Transcriptional regulator CsgD for 2nd curli operon,3231366,3231881,+,CDS,csgD1,,,,
csgD,Unknown,TRUE,1,,CP001560,,transcriptional regulatory protein,790482,791162,-,CDS,csgD2,,,,
csgE,NC,TRUE,1,,NC_007606,fig|300267.13.peg.1165,Curli production assembly/transport component CsgE,946490,946879,+,CDS,csgE,,,,
csgE,NC,TRUE,1,,NC_007606,,curli assembly protein CsgE,946490,946879,+,CDS,csgE,,,,
csgE,Unknown,TRUE,1,,CP001560,,curli production assembly/transport component CsgE,3231886,3232281,+,CDS,csgE,,,,
csgE,Unknown,TRUE,1,,CP001560,fig|630626.3.peg.3062,Curli production assembly/transport component CsgE,3231886,3232281,+,CDS,csgE,,,,
csgE,Unknown,TRUE,1,,FN543093,,Curli production assembly/transport component csgE,1715529,1715867,-,CDS,csgE,,,,
csgE,Unknown,TRUE,1,,FN543093,fig|693216.3.peg.1541,Curli production assembly/transport component CsgE,1715529,1715828,-,CDS,csgE,,,,
csgF,NC,TRUE,1,,NC_007606,fig|300267.13.peg.1166,Curli production assembly/transport component CsgF,946934,947320,+,CDS,csgF,,,,
csgF,NC,TRUE,1,,NC_007606,,curli assembly protein CsgF,946904,947320,+,CDS,csgF,,,,
csgF,NC,TRUE,1,,NC_016642,fig|911045.3.peg.4282,hypothetical protein,4707360,4707779,-,CDS,csgF,,,,
csgF,NC,TRUE,1,,NC_016642,,curli production assembly/transport component CsgF,4707360,4707779,-,CDS,csgF,,,,
csgF,Unknown,TRUE,1,,FN543093,fig|693216.3.peg.1540,Curli production assembly/transport component CsgF,1715092,1715505,-,CDS,csgF,,,,
csgF,Unknown,TRUE,1,,FN543093,,Curli production assembly/transport component csgF,1715092,1715382,-,CDS,csgF,,,,
csgF,Unknown,TRUE,1,,CP001560,fig|630626.3.peg.3063,Curli production assembly/transport component CsgF,3232309,3232731,+,CDS,csgF,,,,
csgF,Unknown,TRUE,1,,CP001560,,curli production assembly/transport component CsgF,3232309,3232731,+,CDS,csgF,,,,
csgG,Unknown,TRUE,1,,CAIT01000009,,Curli production assembly/transport component csgG,648064,649455,-,CDS,csgG,,,,
csgG,Unknown,TRUE,1,,CAIT01000009,fig|1185876.3.peg.4635,Curli production assembly/transport component CsgG,648064,649455,-,CDS,csgG,,,,
csgG,Unknown,TRUE,1,,HE796683,fig|1166018.3.peg.62,Curli production assembly/transport component CsgG,66697,68151,-,CDS,csgG,,,,
csgG,Unknown,TRUE,1,,HE796683,,Curli production assembly/transport component csgG,66697,68151,-,CDS,csgG,,,,
csgG,NC,TRUE,1,,NC_007606,,curli production assembly/transport component,947347,948180,+,CDS,csgG,,,,
csgG,NC,TRUE,1,,NC_007606,fig|300267.13.peg.1167,Curli production assembly/transport component CsgG,947347,948180,+,CDS,csgG,,,,
csgG,NC,TRUE,1,,NC_009434,,curli fiber membrane-associated lipoprotein CsgG,3075367,3076170,+,CDS,csgG,,,,
csgG,NC,TRUE,1,,NC_009434,fig|379731.5.peg.2866,Curli production assembly/transport component CsgG,3075370,3076170,+,CDS,csgG,,,,
csgG,Unknown,TRUE,1,,FN543093,,Curli production assembly/transport component csgG,1714233,1715063,-,CDS,csgG,,,,
csgG,Unknown,TRUE,1,,FN543093,fig|693216.3.peg.1539,Curli production assembly/transport component CsgG,1714233,1715063,-,CDS,csgG,,,,
csgG,Unknown,TRUE,1,,CP001560,,curli production assembly/transport component CsgG,3232764,3233606,+,CDS,csgG,,,,
csgG,Unknown,TRUE,1,,CP001560,fig|630626.3.peg.3064,Curli production assembly/transport component CsgG,3232764,3233606,+,CDS,csgG,,,,
csgG,NC,TRUE,1,,NC_016642,,curli production assembly/transport component CsgG,4706394,4707344,-,CDS,csgG,,,,
csgG,NC,TRUE,1,,NC_016642,fig|911045.3.peg.4281,Curli production assembly/transport component CsgG,4706394,4707344,-,CDS,csgG,,,,
tasA,Unknown,TRUE,1,,FP476056,,Aldo/keto reductase related to aryl-alcohol dehydrogenases,1681131,1682171,-,CDS,tasA,,,,
tasA,Unknown,TRUE,1,,FP476056,fig|63186.3.peg.1402,"Tas protein, an NADP(H)-dependent aldo-keto reductase",1681131,1682171,-,CDS,tasA,,,,
sipW,NC,TRUE,1,,NC_014614,,type i signal peptidase,667236,667808,+,CDS,sipW,,,,
sipW,NC,TRUE,1,,NC_014614,fig|499177.3.peg.554,hypothetical protein,667242,667808,+,CDS,sipW,,,,
bslA,NC,TRUE,1,,NC_014331,,s-layer protein,107068,109089,+,CDS,bslA,,,,
bslA,NC,TRUE,1,,NC_014331,fig|637380.6.peg.107,hypothetical protein,107068,109089,+,CDS,bslA,,,,
epsH,Unknown,TRUE,1,,AP012342,fig|1162668.3.peg.2676,Eight transmembrane protein EpsH,2314798,2315637,+,CDS,epsH,,,,
epsH,Unknown,TRUE,1,,AP012342,,putative eight transmembrane protein,2314798,2315637,+,CDS,epsH,,,,
epsH,NC,TRUE,1,,NC_014323,fig|757424.7.peg.2010,Eight transmembrane protein EpsH,2250975,2252618,+,CDS,epsH,,,,
epsH,NC,TRUE,1,,NC_014323,,exopolysaccharide methanolan synthase,2250975,2252618,+,CDS,epsH,,,,
epsH,NC,TRUE,1,,NC_014643,fig|762948.4.peg.814,Putative glycosyltransferase,881861,882844,+,CDS,epsH,,,,
epsH,NC,TRUE,1,,NC_014643,,EpsH protein,881861,882844,+,CDS,epsH,,,,
epsH,NC,TRUE,1,,NC_009925,fig|329726.14.peg.4151,hypothetical protein,4518535,4519350,+,CDS,epsH,,,,
epsH,NC,TRUE,1,,NC_009925,fig|329726.14.peg.3818,hypothetical protein,4168949,4170475,+,CDS,epsH,,,,
epsH,NC,TRUE,1,,NC_009925,,"eight transmembrane protein EpsH, putative",4168949,4170475,+,CDS,epsH,,,,
epsH,NC,TRUE,1,,NC_009925,,"eight transmembrane protein EpsH, putative",4518511,4519350,+,CDS,epsH,,,,
psmA,NC,TRUE,1,,NC_014355,,proteasome subunit alpha,3012485,3013168,-,CDS,psmA,,,,
psmA,NC,TRUE,1,,NC_014355,fig|330214.5.peg.2906,"Proteasome subunit alpha (EC 3.4.25.1), bacterial",3012485,3013168,-,CDS,psmA,,,,
psmA,NC,TRUE,1,,NC_014318,,proteasome alpha subunit,5414851,5415645,-,CDS,psmA,,,,
psmA,NC,TRUE,1,,NC_014318,fig|749927.5.peg.5062,"Proteasome subunit alpha (EC 3.4.25.1), bacterial",5414851,5415645,-,CDS,psmA,,,,
psmB,NC,TRUE,1,,NC_014355,fig|330214.5.peg.2907,"Proteasome subunit beta (EC 3.4.25.1), bacterial",3013172,3013996,-,CDS,psmB,,,,
psmB,NC,TRUE,1,,NC_014355,,proteasome subunit beta,3013172,3013996,-,CDS,psmB,,,,
psmB,NC,TRUE,1,,NC_014318,fig|749927.5.peg.5063,"Proteasome subunit beta (EC 3.4.25.1), bacterial",5415698,5416552,-,CDS,psmB,,,,
psmB,NC,TRUE,1,,NC_014318,,proteasome beta subunit,5415698,5416552,-,CDS,psmB,,,,
chpA,NC,TRUE,1,,NC_007606,fig|300267.13.peg.3598,Programmed cell death toxin MazF,2766731,2767066,-,CDS,chpA,,,,
chpA,NC,TRUE,1,,NC_007606,,toxin ChpA,2766731,2767066,-,CDS,chpA,,,,
chpA,NC,TRUE,1,,NC_013892,fig|406818.4.peg.406,Programmed cell death toxin MazF,444732,444920,-,CDS,chpA,,,,
chpA,NC,TRUE,1,,NC_013892,,"putative mediates thymineless death, part of proteic killer gene system, growth inhibitor A",444732,445070,-,CDS,chpA,,,,
chpA,NC,TRUE,1,,NC_012796,fig|573370.3.peg.1075,Programmed cell death toxin MazF,1294271,1294603,-,CDS,chpA,,,,
chpA,NC,TRUE,1,,NC_012796,,PemK-like protein 1,1294271,1294603,-,CDS,chpA,,,,
chpA,Unknown,TRUE,1,,CP001397,fig|592029.3.peg.2140,hypothetical protein,2372356,2372688,+,CDS,chpA,,,,
chpA,Unknown,TRUE,1,,CP001397,,"putative growth inhibitor, PemK-like protein",2372356,2372688,+,CDS,chpA,,,,
chpA,Unknown,TRUE,1,,CP002177,fig|871585.3.peg.2264,twitching motility protein PilG,2452499,2457004,-,CDS,chpA,,,,
chpA,Unknown,TRUE,1,,CP002177,,component of chemotactic signal transduction system,2452499,2457004,-,CDS,chpA,,,,
chpB,NC,TRUE,1,,NC_007606,fig|300267.13.peg.5262,Programmed cell death toxin ChpB,4176288,4176638,+,CDS,chpB,,,,
chpB,NC,TRUE,1,,NC_007606,,toxin ChpB,4176288,4176638,+,CDS,chpB,,,,
chpB,NC,TRUE,1,,NC_012751,fig|572265.5.peg.1388,Programmed cell death toxin ChpB,1285562,1285774,-,CDS,chpB,,,,
chpB,NC,TRUE,1,,NC_012751,,"addiction module, toxin ChpB",1285562,1285903,-,CDS,chpB,,,,
chpD,Unknown,TRUE,1,,CP002177,fig|871585.3.peg.851,"Transcriptional regulator, AraC family",904255,904695,+,CDS,chpD,,,,
chpD,Unknown,TRUE,1,,CP002177,fig|871585.3.peg.1810,"FIG229276: Transcriptional regulator, AraC family",1942037,1942861,-,CDS,chpD,,,,
chpD,Unknown,TRUE,1,,CP002177,,"AraC family transcriptional regulator, chemosensory pili system protein ChpD",904255,904695,+,CDS,chpD,,,,
chpD,Unknown,TRUE,1,,CP002177,,putative transcriptional regulator,1942037,1942861,-,CDS,chpD,,,,
chpD,Unknown,TRUE,1,,CP002177,fig|871585.3.peg.792,"Transcriptional regulator, AraC family",841427,842245,+,CDS,chpD,,,,
chpD,Unknown,TRUE,1,,CP002177,,putative transcriptional regulator,841427,842245,+,CDS,chpD,,,,
rodA,NC,TRUE,1,,NC_016943,,cell elongation-specific peptidoglycan biosynthesis regulator RodA,45528,46934,-,CDS,rodA,,,,
rodA,NC,TRUE,1,,NC_016943,fig|1146883.3.peg.35,FtsW-like cell division membrane protein CA_C0505,45528,46934,-,CDS,rodA,,,,
rodA,Unknown,TRUE,1,,AP012342,,putative rod shape-determining protein,2209164,2210258,-,CDS,rodA,,,,
rodA,Unknown,TRUE,1,,AP012342,fig|1162668.3.peg.2561,Rod shape-determining protein RodA,2209164,2210258,-,CDS,rodA,,,,
rodA,NC,TRUE,1,,NC_004557,fig|212717.8.peg.2144,Rod shape-determining protein RodA,2197247,2198368,-,CDS,rodA,,,,
rodA,NC,TRUE,1,,NC_004557,,rod shape-determining protein rodA,2197247,2198470,-,CDS,rodA,,,,
rodA,Unknown,TRUE,1,,BAGZ01000018,fig|1184607.3.peg.2741,FtsW-like cell division membrane protein CA_C0505,110594,111970,-,CDS,rodA,,,,
rodA,Unknown,TRUE,1,,BAGZ01000018,,cell division protein RodA,110594,111970,-,CDS,rodA,,,,
rodA,Unknown,TRUE,1,,CP005383,fig|1316932.3.peg.462,Rod shape-determining protein RodA,442748,443875,-,CDS,rodA,,,,
rodA,Unknown,TRUE,1,,CP005383,,Rod shape-determining protein RodA,442748,443875,-,CDS,rodA,,,,
rodA,Unknown,TRUE,1,,CP003170,,putative cell division protein ftsW,49335,50837,+,CDS,rodA,,,,
rodA,Unknown,TRUE,1,,CP003170,fig|134676.3.peg.48,FtsW-like cell division membrane protein CA_C0505,49401,50837,+,CDS,rodA,,,,
rodA,NC,TRUE,1,,NC_014328,fig|1538.8.peg.694,Rod shape-determining protein RodA,808402,809523,+,CDS,rodA,,,,
rodA,NC,TRUE,1,,NC_014328,,putative rod shape-determining protein RodA,808402,809523,+,CDS,rodA,,,,
rodA,NC,TRUE,1,,NC_005861,fig|264201.15.peg.170,Cell shape-determining protein MrdB,245129,246190,+,CDS,rodA,,,,
rodA,NC,TRUE,1,,NC_005861,,cell shape (rod)-determining protein,245054,246190,+,CDS,rodA,,,,
rodA,NC,TRUE,1,,NC_012108,,RodA,3984859,3985962,-,CDS,rodA,,,,
rodA,NC,TRUE,1,,NC_012108,fig|177437.4.peg.3624,Rod shape-determining protein RodA,3984859,3985962,-,CDS,rodA,,,,
rodA,NC,TRUE,1,,NC_015856,fig|1005048.3.peg.4280,Rod shape-determining protein RodA,4816748,4817860,-,CDS,rodA,,,,
rodA,NC,TRUE,1,,NC_015856,,Rod shape-determining protein rodA,4816748,4817860,-,CDS,rodA,,,,
rodA,Unknown,TRUE,1,,CP002901,fig|1051632.5.peg.571,Rod shape-determining protein RodA,573032,574216,+,CDS,rodA,,,,
rodA,Unknown,TRUE,1,,CP002901,,rod shape-determining protein RodA,573011,574216,+,CDS,rodA,,,,
rodA,Unknown,TRUE,1,,AGAG01000001,,rod shape-determining protein,1176982,1178082,-,CDS,rodA,,,,
rodA,Unknown,TRUE,1,,AGAG01000001,fig|1073972.4.peg.1114,Rod shape-determining protein RodA,1176982,1177749,-,CDS,rodA,,,,
rodA,NC,TRUE,1,,NC_016041,,rod shape-determining protein RodA,2313583,2314698,+,CDS,rodA,,,,
rodA,NC,TRUE,1,,NC_016041,fig|1085623.3.peg.2024,Rod shape-determining protein RodA,2313583,2314698,+,CDS,rodA,,,,
rodA,NC,TRUE,1,,NC_012560,fig|322710.5.peg.789,Rod shape-determining protein RodA,797540,798688,+,CDS,rodA,,,,
rodA,NC,TRUE,1,,NC_012560,,rod shape-determining protein RodA,797540,798688,+,CDS,rodA,,,,
rodA,Unknown,TRUE,1,,CP031961,,rod shape-determining protein RodA,636045,637151,-,CDS,rodA,,,,
rodA,Unknown,TRUE,1,,CP031961,fig|314281.6.peg.570,Rod shape-determining protein RodA,636045,637151,-,CDS,rodA,,,,
rodA,NC,TRUE,1,,NC_013454,fig|331104.5.peg.365,Peptidoglycan glycosyltransferase FtsW (EC 2.4.1.129),383431,384651,-,CDS,rodA,,,,
rodA,NC,TRUE,1,,NC_013454,,rod-shape determining protein RodA,4286,5524,+,CDS,rodA,,,,
rodA,NC,TRUE,1,,NC_013454,,rod-shape determining protein RodA,383431,384651,-,CDS,rodA,,,,
rodA,NC,TRUE,1,,NC_013454,fig|331104.5.peg.5,Rod shape-determining protein RodA,4352,5524,+,CDS,rodA,,,,
rodA,NC,TRUE,1,,NC_012491,,putative rod shape-determining protein RodA,1934249,1935379,+,CDS,rodA,,,,
rodA,NC,TRUE,1,,NC_012491,fig|358681.3.peg.1829,Rod shape-determining protein RodA,1934249,1935379,+,CDS,rodA,,,,
rodA,NC,TRUE,1,,NC_008611,,cell division protein RodA,21390,22799,-,CDS,rodA,,,,
rodA,NC,TRUE,1,,NC_008611,fig|362242.7.peg.113,FtsW-like cell division membrane protein CA_C0505,21390,22724,-,CDS,rodA,,,,
rodA,Unknown,TRUE,1,,CP000245,,Candidate rod shape-determining protein,1020953,1022107,+,CDS,rodA,,,,
rodA,Unknown,TRUE,1,,CP000245,fig|365046.3.peg.1012,Rod shape-determining protein RodA,1020953,1022107,+,CDS,rodA,,,,
rodA,NC,TRUE,1,,NC_010842,fig|355278.4.peg.3128,Rod shape-determining protein RodA,3194873,3196387,+,CDS,rodA,,,,
rodA,NC,TRUE,1,,NC_010842,,Rod shape-determining protein,3194873,3196387,+,CDS,rodA,,,,
rodA,Unknown,TRUE,1,,FO203431,fig|477641.3.peg.26,FtsW-like cell division membrane protein CA_C0505,30371,31705,-,CDS,rodA,,,,
rodA,Unknown,TRUE,1,,FO203431,,Cell elongation-specific peptidoglycan biosynthesis regulator RodA,30371,31783,-,CDS,rodA,,,,
rodA,NC,TRUE,1,,NC_014006,fig|452662.3.peg.1720,Rod shape-determining protein RodA,1816852,1817964,+,CDS,rodA,,,,
rodA,NC,TRUE,1,,NC_014006,,rod shape determining protein,1816852,1817964,+,CDS,rodA,,,,
rodA,NS,TRUE,1,,NS_000195,fig|456827.3.peg.1741,Rod shape-determining protein RodA,2124545,2125765,-,CDS,rodA,,,,
rodA,NS,TRUE,1,,NS_000195,,rod shape-determining protein RodA,2124545,2125765,-,CDS,rodA,,,,
rodA,NC,TRUE,1,,NC_009434,,rod-shape-determining protein RodA,4087679,4088824,-,CDS,rodA,,,,
rodA,NC,TRUE,1,,NC_009434,fig|379731.5.peg.3759,Rod shape-determining protein RodA,4087679,4088824,-,CDS,rodA,,,,
rodA,NC,TRUE,1,,NC_013508,,cell wall shape-determining protein,2784473,2785585,+,CDS,rodA,,,,
rodA,NC,TRUE,1,,NC_013508,fig|498217.4.peg.2437,Rod shape-determining protein RodA,2784473,2785585,+,CDS,rodA,,,,
rodA,NC,TRUE,1,,NC_011144,,rod shape-determining protein RodA,2583493,2584644,-,CDS,rodA,,,,
rodA,NC,TRUE,1,,NC_011144,fig|450851.6.peg.2894,Rod shape-determining protein RodA,2583493,2584644,-,CDS,rodA,,,,
rodA,NC,TRUE,1,,NC_014387,fig|515622.3.peg.1496,Rod shape-determining protein RodA,1819289,1820413,-,CDS,rodA1,,,,
rodA,NC,TRUE,1,,NC_014387,fig|515622.3.peg.1660,FtsW-like cell division membrane protein CA_C0505,2015036,2016421,-,CDS,rodA2,,,,
rodA,NC,TRUE,1,,NC_014387,,rod shape-determining protein RodA1,1819289,1820413,-,CDS,rodA1,,,,
rodA,NC,TRUE,1,,NC_014387,,rod shape-determining protein RodA2,2015036,2016421,-,CDS,rodA2,,,,
rodA,NC,TRUE,1,,NC_012526,fig|546414.3.peg.2428,Rod shape-determining protein RodA,2548194,2549261,-,CDS,rodA,,,,
rodA,NC,TRUE,1,,NC_012526,,"putative rod shape-determining protein, precursor",2548194,2549261,-,CDS,rodA,,,,
rodA,NC,TRUE,1,,NC_012796,,rod shape-determining protein RodA,539369,540481,+,CDS,rodA,,,,
rodA,NC,TRUE,1,,NC_012796,fig|573370.3.peg.436,Rod shape-determining protein RodA,539369,540481,+,CDS,rodA,,,,
rodA,Unknown,TRUE,1,,AP010969,fig|591365.3.peg.603,Rod shape-determining protein RodA,618697,619929,+,CDS,rodA,,,,
rodA,Unknown,TRUE,1,,AP010969,,Rod shape determining protein,618697,619929,+,CDS,rodA,,,,
rodA,NC,TRUE,1,,NC_013799,fig|608538.3.peg.1292,Rod shape-determining protein RodA,1169020,1170114,+,CDS,rodA,,,,
rodA,NC,TRUE,1,,NC_013799,,rod shape determining protein,1169020,1170114,+,CDS,rodA,,,,
rodA,NC,TRUE,1,,NC_015722,,rod shape determining protein rodA,628409,629527,+,CDS,rodA,,,,
rodA,NC,TRUE,1,,NC_015722,fig|696127.4.peg.770,Rod shape-determining protein RodA,628409,629527,+,CDS,rodA,,,,
rodA,NC,TRUE,1,,NC_014225,fig|716544.4.peg.301,Cell shape-determining protein MrdB,338796,339932,+,CDS,rodA,,,,
rodA,NC,TRUE,1,,NC_014225,,Septum-peptidoglycan biosynthetic protein,338796,339932,+,CDS,rodA,,,,
rodA,Unknown,TRUE,1,,CP001560,fig|630626.3.peg.2646,Rod shape-determining protein RodA,2808396,2809508,+,CDS,rodA,,,,
rodA,Unknown,TRUE,1,,CP001560,,rod shape-determining protein RodA,2808396,2809508,+,CDS,rodA,,,,
rodA,NZ,TRUE,1,,NZ_GG700527,fig|655811.4.peg.196,Rod shape-determining protein RodA,888153,889328,+,CDS,rodA,,,,
rodA,NZ,TRUE,1,,NZ_GG700527,,,888153,889328,+,CDS,rodA,,,,
rodA,NC,TRUE,1,,NC_014643,fig|762948.4.peg.545,hypothetical protein,608506,608772,+,CDS,rodA,,,,
rodA,NC,TRUE,1,,NC_014643,,hypothetical protein,608506,608772,+,CDS,rodA,,,,
rodA,NC,TRUE,1,,NC_014532,,rod shape-determining protein RodA,1370656,1371816,+,CDS,rodA,,,,
rodA,NC,TRUE,1,,NC_014532,fig|768066.3.peg.1283,Rod shape-determining protein RodA,1370656,1371816,+,CDS,rodA,,,,
rodA,Unknown,TRUE,1,,CP003418,,Cell division membrane protein,2119416,2120645,-,CDS,rodA,,,,
rodA,Unknown,TRUE,1,,CP003418,fig|945713.3.peg.1855,Rod shape-determining protein RodA,2119416,2120645,-,CDS,rodA,,,,
rodA,Unknown,TRUE,1,,AP012320,,rod shape-determining protein RodA,4994520,4995680,-,CDS,rodA,,,,
rodA,Unknown,TRUE,1,,AP012320,fig|983917.3.peg.4545,Rod shape-determining protein RodA,4994520,4995680,-,CDS,rodA,,,,
rodA,NC,TRUE,1,,NC_002937,fig|882.5.peg.737,Rod shape-determining protein RodA,871370,872485,-,CDS,rodA,,,,
rodA,NC,TRUE,1,,NC_002937,,rod shape-determining protein RodA,871370,872485,-,CDS,rodA,,,,
rodA,NZ,TRUE,1,,NZ_GL636062,fig|887898.3.peg.434,Membrane protein,494677,495051,-,CDS,rodA,,,,
rodA,NZ,TRUE,1,,NZ_GL636062,,,494677,495051,-,CDS,rodA,,,,
rodA,NZ,TRUE,1,,NZ_GL870929,fig|888741.3.peg.69,protein of unknown function DUF498,604277,604639,-,CDS,rodA,,,,
rodA,NZ,TRUE,1,,NZ_GL870929,,,604277,604639,-,CDS,rodA,,,,
rodA,NZ,TRUE,1,,NZ_GL732518,,,221056,222288,+,CDS,rodA,,,,
rodA,NZ,TRUE,1,,NZ_GL732518,fig|889201.3.peg.1190,Rod shape-determining protein RodA,221056,222288,+,CDS,rodA,,,,
rodA,NC,TRUE,1,,NC_015735,,rod shape-determining protein RodA,326185,327297,+,CDS,rodA,,,,
rodA,NC,TRUE,1,,NC_015735,fig|903503.4.peg.295,Rod shape-determining protein RodA,326185,327297,+,CDS,rodA,,,,
rodA,NZ,TRUE,1,,NZ_AEON01000001,,rod shape-determining protein RodA,943505,943798,+,CDS,rodA,,,,
rodA,NZ,TRUE,1,,NZ_AEON01000001,fig|864564.3.peg.774,hypothetical protein,943505,943798,+,CDS,rodA,,,,
rodA,Unknown,TRUE,1,,CP002177,,rod shape-determining protein,1936782,1937924,+,CDS,rodA,,,,
rodA,Unknown,TRUE,1,,CP002177,fig|871585.3.peg.1804,Rod shape-determining protein RodA,1936845,1937924,+,CDS,rodA,,,,
rodA,NZ,TRUE,1,,NZ_GL622188,fig|873533.3.peg.1032,Peptidoglycan glycosyltransferase FtsW (EC 2.4.1.129),1789691,1790968,+,CDS,rodA,,,,
rodA,NZ,TRUE,1,,NZ_GL622188,,,1789691,1790968,+,CDS,rodA,,,,
repA,NC,TRUE,1,,NC_015461,,replication protein RepA,1,993,+,CDS,repA,,,,
repA,NC,TRUE,1,,NC_015461,fig|1005058.3.peg.2507,replication protein RepA,1,993,+,CDS,repA,,,,
repA,NC,TRUE,1,,NC_008383,fig|216596.11.peg.6729,Plasmid replication protein RepA,1,1197,+,CDS,repA,,,,
repA,NC,TRUE,1,,NC_008382,fig|216596.11.peg.6567,Plasmid replication protein RepA,67,1281,+,CDS,repA,,,,
repA,NC,TRUE,1,,NC_008382,fig|216596.11.peg.6645,Plasmid replication protein RepA,76729,77976,+,CDS,repA,,,,
repA,NC,TRUE,1,,NC_008384,fig|216596.11.peg.6863,Plasmid replication protein RepA,10,1206,+,CDS,repA,,,,
repA,NC,TRUE,1,,NC_008382,,putative replication protein,76786,77976,+,CDS,repA,,,,
repA,NC,TRUE,1,,NC_008384,,putative replication protein A,1,1206,+,CDS,repA,,,,
repA,NC,TRUE,1,,NC_008381,,putative RepA replication protein,1,1218,+,CDS,repA,,,,
repA,NC,TRUE,1,,NC_008383,,replication protein RepA,1,1197,+,CDS,repA,,,,
repA,NC,TRUE,1,,NC_008382,,putative replication protein,34407,35597,+,CDS,repA,,,,
repA,NC,TRUE,1,,NC_008379,,putative replication partitioning protein,1,1197,+,CDS,repA,,,,
repA,NC,TRUE,1,,NC_008381,fig|216596.11.peg.6090,Plasmid replication protein RepA,1,1218,+,CDS,repA,,,,
repA,NC,TRUE,1,,NC_008382,fig|216596.11.peg.6601,Plasmid replication protein RepA,34422,35597,+,CDS,repA,,,,
repA,NC,TRUE,1,,NC_008378,,putative replication protein A,1,1194,+,CDS,repA,,,,
repA,NC,TRUE,1,,NC_008381,,putative replication protein RepA,105521,106768,+,CDS,repA,,,,
repA,NC,TRUE,1,,NC_008378,fig|216596.11.peg.1,Plasmid replication protein RepA,1,1194,+,CDS,repA,,,,
repA,NC,TRUE,1,,NC_008379,fig|216596.11.peg.802,Plasmid replication protein RepA,1,1197,+,CDS,repA,,,,
repA,NC,TRUE,1,,NC_008382,,putative replication protein A,67,1281,+,CDS,repA,,,,
repA,NC,TRUE,1,,NC_008381,fig|216596.11.peg.6195,Plasmid replication protein RepA,105548,106768,+,CDS,repA,,,,
repA,Unknown,TRUE,1,,CP005383,,replication protein A,1766566,1768926,+,CDS,repA,,,,
repA,Unknown,TRUE,1,,CP005383,fig|1316932.3.peg.1862,"Phage replication protein GpA, endonuclease",1766566,1768926,+,CDS,repA,,,,
repA,NC,TRUE,1,,NC_006569,,replication protein,333314,334621,-,CDS,repA,,,,
repA,NC,TRUE,1,,NC_006569,fig|246200.7.peg.4300,Plasmid replication protein RepA,333314,334621,-,CDS,repA,,,,
repA,NC,TRUE,1,,NC_010530,,RepA replicase protein,89,1183,+,CDS,repA2,,,,
repA,NC,TRUE,1,,NC_010530,fig|164546.7.peg.3518,IncW-like replication protein,89,1183,+,CDS,repA2,,,,
repA,NC,TRUE,1,,NC_010529,,Replication protein A,265177,266505,-,CDS,repA3,,,,
repA,NC,TRUE,1,,NC_014035,,plasmid partitioning protein RepA,97274,98476,+,CDS,repA,,,,
repA,NC,TRUE,1,,NC_014035,fig|272942.6.peg.3689,Plasmid replication protein RepA,97274,98476,+,CDS,repA,,,,
repA,NC,TRUE,1,,NC_007607,,replication protein,107005,107862,+,CDS,repA,,,,
repA,NC,TRUE,1,,NC_009344,fig|300267.13.peg.5779,Replication protein,741,1697,+,CDS,repA,,,,
repA,NC,TRUE,1,,NC_009344,,hypothetical protein,741,1697,+,CDS,repA,,,,
repA,NC,TRUE,1,,NC_007607,fig|300267.13.peg.5694,Replication protein,107107,107862,+,CDS,repA,,,,
repA,NC,TRUE,1,,NC_007607,fig|300267.13.peg.5774,Replication protein,176942,177697,+,CDS,repA,,,,
repA,NC,TRUE,1,,NC_007607,,replication protein,176840,177697,+,CDS,repA,,,,
repA,NC,TRUE,1,,NC_011987,,replication protein A,14236,15429,+,CDS,repA,,,,
repA,NC,TRUE,1,,NC_011990,fig|311403.8.peg.6832,Plasmid replication protein RepA,129872,131089,+,CDS,repA,,,,
repA,NC,TRUE,1,,NC_011987,fig|311403.8.peg.6379,Plasmid replication protein RepA,14236,15429,+,CDS,repA,,,,
repA,NC,TRUE,1,,NC_011990,,replication protein A,129854,131089,+,CDS,repA,,,,
repA,NC,TRUE,1,,NC_011994,,replication protein A,33553,34263,+,CDS,repA,,,,
repA,NC,TRUE,1,,NC_008791,fig|393305.7.peg.89,Replication initiation protein,66549,67571,+,CDS,repA,,,,
repA,NC,TRUE,1,,NC_008791,,replication initiation protein,66549,67571,+,CDS,repA,,,,
repA,NZ,TRUE,1,,NZ_GG704602,,plasmid partitioning protein RepA,155736,156938,+,CDS,repA_2,,,,
repA,NZ,TRUE,1,,NZ_GG704605,,plasmid partitioning protein RepA,127178,128389,+,CDS,repA_1,,,,
repA,NZ,TRUE,1,,NZ_GG704602,fig|501479.3.peg.4431,Plasmid replication protein RepA,155736,156938,+,CDS,repA_2,,,,
repA,NZ,TRUE,1,,NZ_GG704605,fig|501479.3.peg.5085,Plasmid replication protein RepA,127178,128389,+,CDS,repA_1,,,,
repA,NZ,TRUE,1,,NZ_GG700724,,,391708,392283,-,CDS,repA,,,,
repA,NZ,TRUE,1,,NZ_GG700724,fig|525280.3.peg.1052,Replication initiation protein A,391708,392250,-,CDS,repA,,,,
repA,NC,TRUE,1,,NC_012752,,plasmid replication initiator protein,1,840,+,CDS,repA,,,,
repA,NC,TRUE,1,,NC_012751,,plasmid replication initiator protein,1264433,1265386,-,CDS,repA_5,,,,
repA,NC,TRUE,1,,NC_012751,fig|572265.5.peg.1354,hypothetical protein,1262692,1263576,+,CDS,repA_4,,,,
repA,NC,TRUE,1,,NC_012751,,plasmid replication initiator protein,1062781,1063593,-,CDS,repA_3,,,,
repA,NC,TRUE,1,,NC_012751,fig|572265.5.peg.1071,RepA,1020968,1021834,-,CDS,repA_2,,,,
repA,NC,TRUE,1,,NC_012751,,plasmid replication initiator protein,1262692,1263576,+,CDS,repA_4,,,,
repA,NC,TRUE,1,,NC_012751,,plasmid replication initiator protein,1020968,1021834,-,CDS,repA_2,,,,
repA,NC,TRUE,1,,NC_012752,fig|572265.5.peg.2320,hypothetical protein,91,840,+,CDS,repA,,,,
repA,NC,TRUE,1,,NC_012751,,plasmid replication initiator protein,1003936,1004604,-,CDS,repA_1,,,,
repA,NC,TRUE,1,,NC_012751,fig|572265.5.peg.1357,hypothetical protein,1264433,1265260,-,CDS,repA_5,,,,
repA,NC,TRUE,1,,NC_012751,fig|572265.5.peg.1044,hypothetical protein,1003936,1004604,-,CDS,repA_1,,,,
repA,NC,TRUE,1,,NC_014007,fig|452662.3.peg.3318,initiator RepB protein,76,1164,+,CDS,repA,,,,
repA,NC,TRUE,1,,NC_014005,fig|452662.3.peg.1,RepA,97,1104,+,CDS,repA,,,,
repA,NC,TRUE,1,,NC_014006,,plasmid replication initiator protein,2005173,2006333,-,CDS,repA,,,,
repA,NC,TRUE,1,,NC_014013,,plasmid replication initiator protein,1,1203,+,CDS,repA,,,,
repA,NC,TRUE,1,,NC_014007,,replication initiator RepA,1,1164,+,CDS,repA,,,,
repA,NC,TRUE,1,,NC_014007,fig|452662.3.peg.3349,RepA,26786,27436,-,CDS,repA,,,,
repA,NC,TRUE,1,,NC_014007,fig|452662.3.peg.3445,Plasmid replication protein RepA,155472,156359,-,CDS,repA,,,,
repA,NC,TRUE,1,,NC_014007,,plasmid replication initiator protein RepA,26786,27436,-,CDS,repA,,,,
repA,NC,TRUE,1,,NC_014013,fig|452662.3.peg.3487,Plasmid replication initiator protein,1,1203,+,CDS,repA,,,,
repA,NC,TRUE,1,,NC_014006,fig|452662.3.peg.1889,Plasmid replication protein RepA,2005173,2006750,-,CDS,repA,,,,
repA,NC,TRUE,1,,NC_014005,,plasmid replication initiator protein RepA,1,1104,+,CDS,repA,,,,
repA,NC,TRUE,1,,NC_014007,,possible replication protein A,155472,156359,-,CDS,repA,,,,
repA,NC,TRUE,1,,NC_013973,fig|716540.3.peg.3556,Replication regulatory protein repA2 (Protein copB),70,267,+,CDS,repA,,,,
repA,NC,TRUE,1,,NC_013973,,replication regulatory protein,1,267,+,CDS,repA,,,,
repA,NZ,TRUE,1,,NZ_GL476303,fig|744980.3.peg.599,Plasmid replication protein RepA,38551,39756,+,CDS,repA_2,,,,
repA,NZ,TRUE,1,,NZ_GL476321,,plasmid partitioning protein RepA,70319,71503,+,CDS,repA_1,,,,
repA,NZ,TRUE,1,,NZ_GL476303,,plasmid partitioning protein RepA,38551,39756,+,CDS,repA_2,,,,
repA,NZ,TRUE,1,,NZ_GL476321,fig|744980.3.peg.5838,Plasmid replication protein RepA,70319,71503,+,CDS,repA_1,,,,
repA,NZ,TRUE,1,,NZ_ADFR01000009,fig|679192.3.peg.940,Replication protein,67240,67530,-,CDS,repA,,,,
repA,NZ,TRUE,1,,NZ_ADFR01000009,,replication initiator protein A N-terminal,67240,67530,-,CDS,repA,,,,
repA,Unknown,TRUE,1,,FN543094,,Replication protein repA,110399,111367,+,CDS,repA,,,,
repA,Unknown,TRUE,1,,FN543096,fig|693216.3.peg.4130,Replication initiation protein,2655,3347,-,CDS,repA,,,,
repA,Unknown,TRUE,1,,FN543096,,RepFIB replication protein A,2655,3347,-,CDS,repA,,,,
repA,Unknown,TRUE,1,,FN543094,fig|693216.3.peg.4098,DNA replication protein,110354,111367,+,CDS,repA,,,,
repA,NC,TRUE,1,,NC_013956,,RepA,4632858,4633787,+,CDS,repA,,,,
repA,NC,TRUE,1,,NC_013956,fig|706191.3.peg.4346,DNA replication protein,4632858,4633787,+,CDS,repA,,,,
repA,NZ,TRUE,1,,NZ_GG700527,fig|655811.4.peg.1454,Replication initiation protein A,420889,421866,+,CDS,repA,,,,
repA,NZ,TRUE,1,,NZ_GG700527,,,420868,421866,+,CDS,repA,,,,
repA,NZ,TRUE,1,,NZ_GG694025,,,545884,546078,-,CDS,repA,,,,
repA,NZ,TRUE,1,,NZ_GG694016,,,148264,148734,-,CDS,repA,,,,
repA,NZ,TRUE,1,,NZ_ACQA01000002,fig|641118.3.peg.3972,Plasmid replication protein RepA,1455973,1457169,-,CDS,repA,,,,
repA,NZ,TRUE,1,,NZ_ACQA01000004,fig|641118.3.peg.4491,Plasmid replication protein RepA,14998,16200,-,CDS,repA,,,,
repA,NZ,TRUE,1,,NZ_ACQA01000002,,plasmid partitioning protein RepA,1455973,1457169,-,CDS,repA,,,,
repA,NZ,TRUE,1,,NZ_ACQA01000004,,plasmid partitioning protein RepA,14998,16233,-,CDS,repA,,,,
repA,NZ,TRUE,1,,NZ_GL397071,,,556553,557551,+,CDS,repA,,,,
repA,NZ,TRUE,1,,NZ_GL397071,fig|862517.3.peg.292,Replication initiation protein A,556574,557551,+,CDS,repA,,,,
repA,NZ,TRUE,1,,NZ_GL732518,,,317819,318598,+,CDS,repA,,,,
repA,NZ,TRUE,1,,NZ_GL732518,fig|889201.3.peg.1293,Replication initiation protein A,317819,318598,+,CDS,repA,,,,
repA,NC,TRUE,1,,NC_016646,,Replication protein A,321734,322942,-,CDS,repA,,,,
repA,NC,TRUE,1,,NC_016646,fig|911045.3.peg.5265,Plasmid replication protein RepA,321734,322942,-,CDS,repA,,,,
repA,Unknown,TRUE,1,,CP002568,fig|991905.3.peg.3717,probable replicating protein RepA,3899875,3900423,-,CDS,repA,,,,
repA,Unknown,TRUE,1,,CP002568,,Replication protein A,3899875,3900567,-,CDS,repA,,,,
repA,NC,TRUE,1,,NC_011143,,replication protein A,2278,3483,+,CDS,repA,,,,
repA,NC,TRUE,1,,NC_011143,fig|450851.6.peg.2,Plasmid replication protein RepA,2278,3483,+,CDS,repA,,,,
hfq,NC,TRUE,1,,NC_010528,fig|164546.7.peg.1863,RNA-binding protein Hfq,2009616,2009855,-,CDS,hfq,,,,
hfq,NC,TRUE,1,,NC_010528,,RNA-binding protein Hfq,2009616,2009855,-,CDS,hfq,,,,
hfq,NC,TRUE,1,,NC_012438,,RNA chaperone Hfq,893431,893622,-,CDS,hfq_1,,,,
hfq,NC,TRUE,1,,NC_012438,,RNA chaperone Hfq,1538205,1538459,+,CDS,hfq_2,,,,
hfq,NC,TRUE,1,,NC_012438,fig|204536.4.peg.1595,RNA-binding protein Hfq,1538205,1538459,+,CDS,hfq_2,,,,
hfq,NC,TRUE,1,,NC_012438,fig|204536.4.peg.936,RNA-binding protein Hfq,893431,893622,-,CDS,hfq_1,,,,
hfq,NC,TRUE,1,,NC_008380,,RNA-binding protein Hfq,2406959,2407201,+,CDS,hfq,,,,
hfq,NC,TRUE,1,,NC_008380,fig|216596.11.peg.3511,RNA-binding protein Hfq,2406908,2407201,+,CDS,hfq,,,,
hfq,NC,TRUE,1,,NC_004603,,RNA-binding protein Hfq,2980906,2981169,-,CDS,hfq,,,,
hfq,NC,TRUE,1,,NC_004603,fig|223926.6.peg.2708,RNA-binding protein Hfq,2980906,2981169,-,CDS,hfq,,,,
hfq,Unknown,TRUE,1,,AP012157,fig|1002809.3.peg.1561,RNA-binding protein Hfq,1641042,1641266,+,CDS,hfq,,,,
hfq,Unknown,TRUE,1,,AP012157,,uncharacterized host factor I protein,1641042,1641266,+,CDS,hfq,,,,
hfq,NC,TRUE,1,,NC_015856,,RNA-binding protein,2261829,2262065,+,CDS,hfq,,,,
hfq,NC,TRUE,1,,NC_015856,fig|1005048.3.peg.1991,RNA-binding protein Hfq,2261829,2262065,+,CDS,hfq,,,,
hfq,Unknown,TRUE,1,,CP003218,fig|1006551.4.peg.1783,RNA-binding protein Hfq,1882537,1882845,+,CDS,hfq,,,,
hfq,Unknown,TRUE,1,,CP003218,,RNA-binding protein Hfq,1882537,1882845,+,CDS,hfq,,,,
hfq,NC,TRUE,1,,NC_015663,,RNA-binding protein Hfq,1972852,1973160,+,CDS,hfq,,,,
hfq,NC,TRUE,1,,NC_015663,fig|1028307.3.peg.1850,RNA-binding protein Hfq,1972852,1973160,+,CDS,hfq,,,,
hfq,NC,TRUE,1,,NC_016041,,RNA-binding protein Hfq,3494479,3494718,-,CDS,hfq,,,,
hfq,NC,TRUE,1,,NC_016041,fig|1085623.3.peg.3068,RNA-binding protein Hfq,3494479,3494718,-,CDS,hfq,,,,
hfq,Unknown,TRUE,1,,AKKU01000015,fig|1195246.3.peg.1575,RNA-binding protein Hfq,20286,20543,-,CDS,hfq,,,,
hfq,Unknown,TRUE,1,,AKKU01000015,,RNA-binding protein Hfq,20286,20543,-,CDS,hfq,,,,
hfq,Unknown,TRUE,1,,AMPQ01000002,fig|1230341.3.peg.447,RNA-binding protein Hfq,144810,145034,-,CDS,hfq,,,,
hfq,Unknown,TRUE,1,,AMPQ01000002,,RNA-binding protein Hfq,144810,145034,-,CDS,hfq,,,,
hfq,NC,TRUE,1,,NC_012440,,RNA chaperone Hfq,1345523,1345762,+,CDS,hfq_2,,,,
hfq,NC,TRUE,1,,NC_012440,fig|123214.3.peg.1443,RNA-binding protein Hfq,1345523,1345762,+,CDS,hfq_2,,,,
hfq,NC,TRUE,1,,NC_012440,fig|123214.3.peg.583,RNA-binding protein Hfq,488319,488510,+,CDS,hfq_1,,,,
hfq,NC,TRUE,1,,NC_012440,,RNA chaperone Hfq,488319,488510,+,CDS,hfq_1,,,,
hfq,Unknown,TRUE,1,,CP003989,fig|1255043.3.peg.2802,RNA-binding protein Hfq,2865261,2865512,-,CDS,hfq [H],,,,
hfq,Unknown,TRUE,1,,CP003989,,RNA-binding protein Hfq,2865261,2865512,-,CDS,hfq [H],,,,
hfq,Unknown,TRUE,1,,CP005383,fig|1316932.3.peg.236,RNA-binding protein Hfq,215743,216015,+,CDS,hfq,,,,
hfq,Unknown,TRUE,1,,CP005383,,protein Hfq,215743,216015,+,CDS,hfq,,,,
hfq,NC,TRUE,1,,NC_013854,,host factor-I protein,1735690,1735938,-,CDS,hfq,,,,
hfq,NC,TRUE,1,,NC_013854,fig|137722.3.peg.1642,RNA-binding protein Hfq,1735690,1735857,-,CDS,hfq,,,,
hfq,Unknown,TRUE,1,,DQHZ01000022,fig|142586.28.peg.1353,RNA-binding protein Hfq,37841,38098,-,CDS,hfq,,,,
hfq,Unknown,TRUE,1,,DQHZ01000022,,RNA chaperone Hfq,37841,38098,-,CDS,hfq,,,,
hfq,NC,TRUE,1,,NC_014328,,putative RNA-binding protein Hfq,2308555,2308797,-,CDS,hfq,,,,
hfq,NC,TRUE,1,,NC_014328,fig|1538.8.peg.2112,RNA-binding protein Hfq,2308555,2308797,-,CDS,hfq,,,,
hfq,Unknown,TRUE,1,,CAOS01000015,fig|1121428.3.peg.2738,RNA-binding protein Hfq,11898,12143,-,CDS,hfq,,,,
hfq,Unknown,TRUE,1,,CAOS01000015,,Protein hfq,11898,12143,-,CDS,hfq,,,,
hfq,Unknown,TRUE,1,,CP003488,,RNA-binding protein Hfq,2559350,2559646,+,CDS,hfq,,,,
hfq,Unknown,TRUE,1,,CP003488,fig|1157951.4.peg.2392,RNA-binding protein Hfq,2559350,2559646,+,CDS,hfq,,,,
hfq,NC,TRUE,1,,NC_003911,,RNA-binding protein Hfq,2217364,2217603,-,CDS,hfq,,,,
hfq,NC,TRUE,1,,NC_003911,fig|246200.7.peg.2108,RNA-binding protein Hfq,2217364,2217603,-,CDS,hfq,,,,
hfq,NC,TRUE,1,,NC_014034,fig|272942.6.peg.1833,RNA-binding protein Hfq,1945848,1946081,+,CDS,hfq,,,,
hfq,NC,TRUE,1,,NC_014034,,RNA chaperone Hfq,1945848,1946081,+,CDS,hfq,,,,
hfq,NC,TRUE,1,,NC_007951,,RNA-binding protein Hfq,3146335,3146571,-,CDS,hfq,,,,
hfq,NC,TRUE,1,,NC_007951,fig|266265.5.peg.2958,RNA-binding protein Hfq,3146335,3146571,-,CDS,hfq,,,,
hfq,NC,TRUE,1,,NC_008254,fig|266779.9.peg.2266,RNA-binding protein Hfq,1737163,1737411,-,CDS,hfq,,,,
hfq,NC,TRUE,1,,NC_008254,,RNA-binding protein Hfq,1737163,1737411,-,CDS,hfq,,,,
hfq,NC,TRUE,1,,NC_007643,,RNA-binding protein Hfq,1976387,1976638,+,CDS,hfq,,,,
hfq,NC,TRUE,1,,NC_007643,fig|269796.9.peg.1762,RNA-binding protein Hfq,1976387,1976638,+,CDS,hfq,,,,
hfq,Unknown,TRUE,1,,FO082060,fig|271065.3.peg.3157,RNA-binding protein Hfq,3561616,3561855,-,CDS,hfq,,,,
hfq,Unknown,TRUE,1,,FO082060,,protein Hfq,3561616,3561855,-,CDS,hfq,,,,
hfq,NC,TRUE,1,,NC_009434,fig|379731.5.peg.3644,RNA-binding protein Hfq,3963634,3963888,-,CDS,hfq,,,,
hfq,NC,TRUE,1,,NC_009434,,RNA-binding protein Hfq,3963634,3963888,-,CDS,hfq,,,,
hfq,NC,TRUE,1,,NC_012560,,RNA chaperone Hfq,713089,713343,+,CDS,hfq,,,,
hfq,NC,TRUE,1,,NC_012560,fig|322710.5.peg.708,RNA-binding protein Hfq,713089,713343,+,CDS,hfq,,,,
hfq,NC,TRUE,1,,NC_007722,,RNA-binding protein Hfq,1301026,1301553,-,CDS,hfq,,,,
hfq,NC,TRUE,1,,NC_007722,fig|314225.8.peg.1244,RNA-binding protein Hfq / RNA-binding protein Hfq,1301026,1301553,-,CDS,hfq,,,,
hfq,NC,TRUE,1,,NC_007948,fig|296591.12.peg.2636,RNA-binding protein Hfq,2733591,2733842,-,CDS,hfq,,,,
hfq,NC,TRUE,1,,NC_007948,,RNA-binding protein Hfq,2733591,2733860,-,CDS,hfq,,,,
hfq,NC,TRUE,1,,NC_007606,,RNA-binding protein Hfq,4133231,4133539,-,CDS,hfq,,,,
hfq,NC,TRUE,1,,NC_007606,fig|300267.13.peg.5215,RNA-binding protein Hfq,4133231,4133539,-,CDS,hfq,,,,
hfq,NC,TRUE,1,,NC_011985,fig|311403.8.peg.4238,RNA-binding protein Hfq,1794163,1794384,+,CDS,hfq,,,,
hfq,NC,TRUE,1,,NC_011985,,RNA chaperone Hfq,1794142,1794384,+,CDS,hfq,,,,
hfq,NC,TRUE,1,,NC_012491,fig|358681.3.peg.3340,RNA-binding protein Hfq,3572398,3572637,-,CDS,hfq,,,,
hfq,NC,TRUE,1,,NC_012491,,Hfq protein,3572398,3572637,-,CDS,hfq,,,,
hfq,Unknown,TRUE,1,,CP000245,,candidate host factor I protein,2003043,2003291,+,CDS,hfq,,,,
hfq,Unknown,TRUE,1,,CP000245,fig|365046.3.peg.1936,RNA-binding protein Hfq,2003043,2003291,+,CDS,hfq,,,,
hfq,NC,TRUE,1,,NC_007794,,RNA-binding protein Hfq,2045402,2045983,+,CDS,hfq,,,,
hfq,NC,TRUE,1,,NC_007794,fig|279238.18.peg.1977,RNA-binding protein Hfq / RNA-binding protein Hfq,2045402,2045983,+,CDS,hfq,,,,
hfq,NC,TRUE,1,,NC_009778,,RNA-binding protein Hfq,165872,166180,+,CDS,hfq,,,,
hfq,NC,TRUE,1,,NC_009778,fig|290339.8.peg.160,RNA-binding protein Hfq,165872,166180,+,CDS,hfq,,,,
hfq,NZ,TRUE,1,,NZ_DS990628,,RNA chaperone Hfq,4378001,4378240,+,CDS,hfq,,,,
hfq,NZ,TRUE,1,,NZ_DS990628,fig|391616.3.peg.4776,RNA-binding protein Hfq,4378001,4378240,+,CDS,hfq,,,,
hfq,NC,TRUE,1,,NC_008800,,RNA-binding protein Hfq,446155,446460,+,CDS,hfq,,,,
hfq,NC,TRUE,1,,NC_008800,fig|393305.7.peg.473,RNA-binding protein Hfq,446155,446460,+,CDS,hfq,,,,
hfq,NC,TRUE,1,,NC_009667,,RNA-binding protein Hfq,2323647,2323883,-,CDS,hfq,,,,
hfq,NC,TRUE,1,,NC_009667,fig|439375.7.peg.2321,RNA-binding protein Hfq,2323647,2323883,-,CDS,hfq,,,,
hfq,NC,TRUE,1,,NC_011144,fig|450851.6.peg.2266,RNA-binding protein Hfq,1933064,1933309,-,CDS,hfq,,,,
hfq,NC,TRUE,1,,NC_011144,,RNA-binding protein Hfq,1933064,1933309,-,CDS,hfq,,,,
hfq,NC,TRUE,1,,NC_013508,,RNA-binding protein Hfq,397615,397845,+,CDS,hfq,,,,
hfq,NC,TRUE,1,,NC_013508,fig|498217.4.peg.320,RNA-binding protein Hfq,397537,397845,+,CDS,hfq,,,,
hfq,NC,TRUE,1,,NC_014614,fig|499177.3.peg.1219,RNA-binding protein Hfq,1387148,1387381,+,CDS,hfq,,,,
hfq,NC,TRUE,1,,NC_014614,,protein hfq,1387148,1387381,+,CDS,hfq,,,,
hfq,NZ,TRUE,1,,NZ_GG704599,,RNA chaperone Hfq,1365396,1365635,+,CDS,hfq,,,,
hfq,NZ,TRUE,1,,NZ_GG704599,fig|501479.3.peg.1538,RNA-binding protein Hfq,1365396,1365635,+,CDS,hfq,,,,
hfq,NC,TRUE,1,,NC_014006,fig|452662.3.peg.1590,RNA-binding protein Hfq / RNA-binding protein Hfq,1669448,1669939,-,CDS,hfq,,,,
hfq,NC,TRUE,1,,NC_014006,,host factor-I protein,1669448,1669942,-,CDS,hfq,,,,
hfq,NC,TRUE,1,,NC_013892,fig|406818.4.peg.292,RNA-binding protein Hfq,331205,331507,+,CDS,hfq,,,,
hfq,NC,TRUE,1,,NC_013892,,"host factor I for bacteriophage Q beta replication, plays a role in degradation of RNA transcripts",331205,331507,+,CDS,hfq,,,,
hfq,NC,TRUE,1,,NC_012559,,Hfq,661253,661510,+,CDS,hfq,,,,
hfq,NC,TRUE,1,,NC_012559,fig|557598.3.peg.658,RNA-binding protein Hfq,661271,661510,+,CDS,hfq,,,,
hfq,NC,TRUE,1,,NC_016632,fig|568817.3.peg.84,RNA-binding protein Hfq,137636,137944,+,CDS,hfq,,,,
hfq,NC,TRUE,1,,NC_016632,,RNA-binding protein Hfq,137636,137944,+,CDS,hfq,,,,
hfq,NC,TRUE,1,,NC_012751,fig|572265.5.peg.514,RNA-binding protein Hfq,497297,497578,+,CDS,hfq,,,,
hfq,NC,TRUE,1,,NC_012751,,host factor I for bacteriophage Q beta replication,497297,497578,+,CDS,hfq,,,,
hfq,Unknown,TRUE,1,,AP012320,fig|983917.3.peg.2679,RNA-binding protein Hfq,2914297,2914539,-,CDS,hfq,,,,
hfq,Unknown,TRUE,1,,AP012320,,protein Hfq,2914297,2914539,-,CDS,hfq,,,,
hfq,Unknown,TRUE,1,,CP002568,,Uncharacterized host factor I protein,2431004,2431261,-,CDS,hfq,,,,
hfq,Unknown,TRUE,1,,CP002568,fig|991905.3.peg.2355,RNA-binding protein Hfq,2431004,2431261,-,CDS,hfq,,,,
hfq,NC,TRUE,1,,NC_014103,fig|592022.4.peg.4085,RNA-binding protein Hfq,3943813,3944037,-,CDS,hfq,,,,
hfq,NC,TRUE,1,,NC_014103,,RNA chaperone Hfq,3943813,3944037,-,CDS,hfq,,,,
hfq,NC,TRUE,1,,NC_013799,,RNA chaperone,422526,422738,-,CDS,hfq2,,,,
hfq,NC,TRUE,1,,NC_013799,,host facter,482371,482613,+,CDS,hfq1,,,,
hfq,NC,TRUE,1,,NC_013799,fig|608538.3.peg.493,RNA-binding protein Hfq,482371,482613,+,CDS,hfq1,,,,
hfq,NC,TRUE,1,,NC_013799,fig|608538.3.peg.425,RNA-binding protein Hfq,422526,422738,-,CDS,hfq2,,,,
hfq,NC,TRUE,1,,NC_013971,,protein Hfq (host factor-I protein),524449,524760,+,CDS,hfq,,,,
hfq,NC,TRUE,1,,NC_013971,fig|716540.3.peg.429,RNA-binding protein Hfq,524449,524760,+,CDS,hfq,,,,
hfq,Unknown,TRUE,1,,GG770409,,RNA chaperone Hfq,2684092,2684328,+,CDS,hfq,,,,
hfq,Unknown,TRUE,1,,GG770409,fig|742159.3.peg.3481,RNA-binding protein Hfq,2684092,2684328,+,CDS,hfq,,,,
hfq,NZ,TRUE,1,,NZ_GL476304,fig|744980.3.peg.827,RNA-binding protein Hfq,196269,196526,+,CDS,hfq,,,,
hfq,NZ,TRUE,1,,NZ_GL476304,,RNA chaperone Hfq,196269,196526,+,CDS,hfq,,,,
hfq,NC,TRUE,1,,NC_014147,fig|749219.3.peg.908,RNA-binding protein Hfq / Domain of unknown function,915677,916309,+,CDS,hfq,,,,
hfq,NC,TRUE,1,,NC_014147,,RNA chaperone Hfq,915677,916309,+,CDS,hfq,,,,
hfq,NC,TRUE,1,,NC_013316,,HfQ protein,2214556,2214816,-,CDS,hfQ,,,,
hfq,NC,TRUE,1,,NC_013316,fig|645463.3.peg.2026,RNA-binding protein Hfq,2214556,2214816,-,CDS,hfQ,,,,
hfq,NZ,TRUE,1,,NZ_GG697169,fig|633131.3.peg.685,RNA-binding protein Hfq,657121,657354,-,CDS,hfq,,,,
hfq,NZ,TRUE,1,,NZ_GG697169,,RNA chaperone Hfq,657121,657354,-,CDS,hfq,,,,
hfq,NC,TRUE,1,,NC_014335,fig|637380.6.peg.1939,"RNA-binding protein Hfq, Bacillus anthracis type 2",1562538,1562726,+,CDS,hfq1,,,,
hfq,NC,TRUE,1,,NC_014335,,RNA-binding protein Hfq,3468575,3468799,-,CDS,hfq2,,,,
hfq,NC,TRUE,1,,NC_014335,,RNA-binding protein Hfq,1562538,1562726,+,CDS,hfq1,,,,
hfq,NC,TRUE,1,,NC_014335,fig|637380.6.peg.4032,RNA-binding protein Hfq,3468575,3468799,-,CDS,hfq2,,,,
hfq,NZ,TRUE,1,,NZ_GG694025,,,62611,62796,-,CDS,hfq,,,,
hfq,NZ,TRUE,1,,NZ_GG694027,fig|638300.3.peg.1783,RNA-binding protein Hfq,712026,712328,+,CDS,hfq2,,,,
hfq,NZ,TRUE,1,,NZ_GG694027,,,712026,712328,+,CDS,hfq2,,,,
hfq,NZ,TRUE,1,,NZ_ACQA01000001,fig|641118.3.peg.1111,RNA-binding protein Hfq,1123019,1123255,+,CDS,hfq,,,,
hfq,NZ,TRUE,1,,NZ_ACQA01000001,,RNA chaperone Hfq,1123019,1123255,+,CDS,hfq,,,,
hfq,Unknown,TRUE,1,,FN543093,,Protein hfq,3838099,3838407,-,CDS,hfq,,,,
hfq,Unknown,TRUE,1,,FN543093,fig|693216.3.peg.3490,RNA-binding protein Hfq,3838099,3838407,-,CDS,hfq,,,,
hfq,Unknown,TRUE,1,,CP003875,,RNA-binding protein Hfq,1646206,1646484,-,CDS,hfq,,,,
hfq,Unknown,TRUE,1,,CP003875,fig|696748.4.peg.1501,RNA-binding protein Hfq,1646206,1646484,-,CDS,hfq,,,,
hfq,NC,TRUE,1,,NC_013956,fig|706191.3.peg.3681,RNA-binding protein Hfq,3927472,3927786,-,CDS,hfq,,,,
hfq,NC,TRUE,1,,NC_013956,,Hfq,3927472,3927786,-,CDS,hfq,,,,
hfq,Unknown,TRUE,1,,CP002177,fig|871585.3.peg.1593,RNA-binding protein Hfq,1713026,1713538,-,CDS,hfq,,,,
hfq,Unknown,TRUE,1,,CP002177,,uncharacterized host factor I protein,1713026,1713550,-,CDS,hfq,,,,
hfq,NC,TRUE,1,,NC_014323,,RNA chaperone Hfq protein,3354917,3355156,-,CDS,hfq,,,,
hfq,NC,TRUE,1,,NC_014323,fig|757424.7.peg.2985,RNA-binding protein Hfq,3354917,3355156,-,CDS,hfq,,,,
hfq,NC,TRUE,1,,NC_014532,fig|768066.3.peg.2539,RNA-binding protein Hfq,2791214,2791465,-,CDS,hfq,,,,
hfq,NC,TRUE,1,,NC_014532,,RNA-binding protein Hfq,2791214,2791465,-,CDS,hfq,,,,
hfq,NC,TRUE,1,,NC_016026,fig|856793.5.peg.1215,RNA-binding protein Hfq,1272491,1272736,-,CDS,hfq,,,,
hfq,NC,TRUE,1,,NC_016026,,RNA chaperone Hfq,1272491,1272736,-,CDS,hfq,,,,
hfq,NC,TRUE,1,,NC_014625,,RNA chaperone Hfq,1352199,1352432,+,CDS,hfq,,,,
hfq,NC,TRUE,1,,NC_014625,fig|880591.3.peg.1646,RNA-binding protein Hfq,1352199,1352432,+,CDS,hfq,,,,
hfq,NZ,TRUE,1,,NZ_GL636062,fig|887898.3.peg.1886,RNA-binding protein Hfq,1005469,1005705,-,CDS,hfq,,,,
hfq,NZ,TRUE,1,,NZ_GL636062,fig|887898.3.peg.2606,hypothetical protein,1868698,1869369,-,CDS,hfq2,,,,
hfq,NZ,TRUE,1,,NZ_GL636062,,,1005469,1005705,-,CDS,hfq,,,,
hfq,NZ,TRUE,1,,NZ_GL636062,,,1868698,1869369,-,CDS,hfq2,,,,
hfq,NZ,TRUE,1,,NZ_GL870929,fig|888741.3.peg.2310,RNA-binding protein Hfq,362104,362403,-,CDS,hfq,,,,
hfq,NZ,TRUE,1,,NZ_GL870929,,,362104,362403,-,CDS,hfq,,,,
hfq,NC,TRUE,1,,NC_015735,,RNA-binding protein Hfq,108131,108397,+,CDS,hfq,,,,
hfq,NC,TRUE,1,,NC_015735,fig|903503.4.peg.95,RNA-binding protein Hfq,108131,108397,+,CDS,hfq,,,,
